Unnamed: 0,STATION,NAME,LATITUDE,LONGITUDE,ELEVATION,DATE,AWND,AWND_ATTRIBUTES,EVAP,EVAP_ATTRIBUTES,PRCP,PRCP_ATTRIBUTES,SNOW,SNOW_ATTRIBUTES,SNWD,SNWD_ATTRIBUTES,TAVG,TAVG_ATTRIBUTES,TMAX,TMAX_ATTRIBUTES,TMIN,TMIN_ATTRIBUTES,WESD,WESD_ATTRIBUTES,WESF,WESF_ATTRIBUTES,MXPN,MXPN_ATTRIBUTES,PGTM,PGTM_ATTRIBUTES,WDF2,WDF2_ATTRIBUTES,WDF5,WDF5_ATTRIBUTES,WSF2,WSF2_ATTRIBUTES,WSF5,WSF5_ATTRIBUTES,WT01,WT01_ATTRIBUTES,WT02,WT02_ATTRIBUTES,WT03,WT03_ATTRIBUTES,WT04,WT04_ATTRIBUTES,WT05,WT05_ATTRIBUTES,WT06,WT06_ATTRIBUTES,WT08,WT08_ATTRIBUTES,PSUN,PSUN_ATTRIBUTES,TSUN,TSUN_ATTRIBUTES
,USW00013881,"CHARLOTTE DOUGLAS AIRPORT, NC US",35.2236,-80.9552,221.9,2020-01-01,5.14,",,W",,,0.0,",,W,2400",0.0,",,W,2400",0.0,",,W,2400",45.0,"H,,S",56.0,",,W",32.0,",,W",,,,,,,,,,,,,,,,,,,,,,,,,,,,,,,,,,
,USW00013881,"CHARLOTTE DOUGLAS AIRPORT, NC US",35.2236,-80.9552,221.9,2020-01-02,5.82,",,W",,,0.38,",,W,2400",0.0,",,W,2400",0.0,",,W,2400",45.0,"H,,S",51.0,",,W",40.0,",,W",,,,,,,,,,,,,,,,,,,,,,,,,,,,,,,,,,
,USW00013881,"CHARLOTTE DOUGLAS AIRPORT, NC US",35.2236,-80.9552,221.9,2020-01-03,2.91,",,W",,,0.52,",,W,2400",0.0,",,W,2400",0.0,",,W,2400",49.0,"H,,S",55.0,",,W",46.0,",,W",,,,,,,,,,,,,,,,,,,,,,,,,,,,,,,,,,
,USW00013881,"CHARLOTTE DOUGLAS AIRPORT, NC US",35.2236,-80.9552,221.9,2020-01-04,11.86,",,W",,,0.29,",,W,2400",0.0,",,W,2400",0.0,",,W,2400",57.0,"H,,S",66.0,",,W",42.0,",,W",,,,,,,,,,,,,,,,,,,,,,,,,,,,,,,,,,
,USW00013881,"CHARLOTTE DOUGLAS AIRPORT, NC US",35.2236,-80.9552,221.9,2020-01-05,5.82,",,W",,,0.0,",,W,2400",0.0,",,W,2400",0.0,",,W,2400",44.0,"H,,S",53.0,",,W",33.0,",,W",,,,,,,,,,,,,,,,,,,,,,,,,,,,,,,,,,
,USW00013881,"CHARLOTTE DOUGLAS AIRPORT, NC US",35.2236,-80.9552,221.9,2020-01-06,3.8,",,W",,,0.0,",,W,2400",0.0,",,W,2400",0.0,",,W,2400",46.0,"H,,S",63.0,",,W",30.0,",,W",,,,,,,,,,,,,,,,,,,,,,,,,,,,,,,,,,
,USW00013881,"CHARLOTTE DOUGLAS AIRPORT, NC US",35.2236,-80.9552,221.9,2020-01-07,5.82,",,W",,,0.09,",,W,2400",0.0,",,W,2400",0.0,",,W,2400",47.0,"H,,S",56.0,",,W",33.0,",,W",,,,,,,,,,,,,,,,,,,,,,,,,,,,,,,,,,
,USW00013881,"CHARLOTTE DOUGLAS AIRPORT, NC US",35.2236,-80.9552,221.9,2020-01-08,5.37,",,W",,,0.0,",,W,2400",0.0,",,W,2400",0.0,",,W,2400",44.0,"H,,S",62.0,",,W",29.0,",,W",,,,,,,,,,,,,,,,,,,,,,,,,,,,,,,,,,
,USW00013881,"CHARLOTTE DOUGLAS AIRPORT, NC US",35.2236,-80.9552,221.9,2020-01-09,6.49,",,W",,,0.0,",,W,2400",0.0,",,W,2400",0.0,",,W,2400",45.0,"H,,S",58.0,",,W",28.0,",,W",,,,,,,,,,,,,,,,,,,,,,,,,,,,,,,,,,
,USW00013881,"CHARLOTTE DOUGLAS AIRPORT, NC US",35.2236,-80.9552,221.9,2020-01-10,4.7,",,W",,,0.0,"T,,W,2400",0.0,",,W,2400",0.0,",,W,2400",51.0,"H,,S",60.0,",,W",46.0,",,W",,,,,,,,,,,,,,,,,,,,,,,,,,,,,,,,,,
,USW00013881,"CHARLOTTE DOUGLAS AIRPORT, NC US",35.2236,-80.9552,221.9,2020-01-11,16.11,",,W",,,0.56,",,W,2400",0.0,",,W,2400",0.0,",,W,2400",62.0,"H,,S",70.0,",,W",55.0,",,W",,,,,,,,,,,,,,,,,,,,,,,,,,,,,,,,,,
,USW00013881,"CHARLOTTE DOUGLAS AIRPORT, NC US",35.2236,-80.9552,221.9,2020-01-12,8.5,",,W",,,0.0,"T,,W,2400",0.0,",,W,2400",0.0,",,W,2400",66.0,"H,,S",72.0,",,W",59.0,",,W",,,,,,,,,,,,,,,,,,,,,,,,,,,,,,,,,,
,USW00013881,"CHARLOTTE DOUGLAS AIRPORT, NC US",35.2236,-80.9552,221.9,2020-01-13,4.25,",,W",,,0.77,",,W,2400",0.0,",,W,2400",0.0,",,W,2400",62.0,"H,,S",64.0,",,W",61.0,",,W",,,,,,,,,,,,,,,,,,,,,,,,,,,,,,,,,,
,USW00013881,"CHARLOTTE DOUGLAS AIRPORT, NC US",35.2236,-80.9552,221.9,2020-01-14,5.59,",,W",,,0.32,",,W,2400",0.0,",,W,2400",0.0,",,W,2400",63.0,"H,,S",65.0,",,W",57.0,",,W",,,,,,,,,,,,,,,,,,,,,,,,,,,,,,,,,,
,USW00013881,"CHARLOTTE DOUGLAS AIRPORT, NC US",35.2236,-80.9552,221.9,2020-01-15,2.68,",,W",,,0.0,",,W,2400",0.0,",,W,2400",0.0,",,W,2400",60.0,"H,,S",66.0,",,W",57.0,",,W",,,,,,,,,,,,,,,,,,,,,,,,,,,,,,,,,,
,USW00013881,"CHARLOTTE DOUGLAS AIRPORT, NC US",35.2236,-80.9552,221.9,2020-01-16,8.5,",,W",,,0.0,",,W,2400",0.0,",,W,2400",0.0,",,W,2400",62.0,"H,,S",65.0,",,W",48.0,",,W",,,,,,,,,,,,,,,,,,,,,,,,,,,,,,,,,,
,USW00013881,"CHARLOTTE DOUGLAS AIRPORT, NC US",35.2236,-80.9552,221.9,2020-01-17,9.84,",,W",,,0.0,",,W,2400",0.0,",,W,2400",0.0,",,W,2400",45.0,"H,,S",49.0,",,W",39.0,",,W",,,,,,,,,,,,,,,,,,,,,,,,,,,,,,,,,,
,USW00013881,"CHARLOTTE DOUGLAS AIRPORT, NC US",35.2236,-80.9552,221.9,2020-01-18,5.82,",,W",,,0.14,",,W,2400",0.0,",,W,2400",0.0,",,W,2400",41.0,"H,,S",45.0,",,W",38.0,",,W",,,,,,,,,,,,,,,,,,,,,,,,,,,,,,,,,,
,USW00013881,"CHARLOTTE DOUGLAS AIRPORT, NC US",35.2236,-80.9552,221.9,2020-01-19,10.07,",,W",,,0.01,",,W,2400",0.0,",,W,2400",0.0,",,W,2400",48.0,"H,,S",56.0,",,W",33.0,",,W",,,,,,,,,,,,,,,,,,,,,,,,,,,,,,,,,,
,USW00013881,"CHARLOTTE DOUGLAS AIRPORT, NC US",35.2236,-80.9552,221.9,2020-01-20,9.17,",,W",,,0.0,",,W,2400",0.0,",,W,2400",0.0,",,W,2400",34.0,"H,,S",39.0,",,W",27.0,",,W",,,,,,,,,,,,,,,,,,,,,,,,,,,,,,,,,,
,USW00013881,"CHARLOTTE DOUGLAS AIRPORT, NC US",35.2236,-80.9552,221.9,2020-01-21,10.51,",,W",,,0.0,",,W,2400",0.0,",,W,2400",0.0,",,W,2400",30.0,"H,,S",39.0,",,W",23.0,",,W",,,,,,,,,,,,,,,,,,,,,,,,,,,,,,,,,,
,USW00013881,"CHARLOTTE DOUGLAS AIRPORT, NC US",35.2236,-80.9552,221.9,2020-01-22,7.61,",,W",,,0.0,",,W,2400",0.0,",,W,2400",0.0,",,W,2400",33.0,"H,,S",47.0,",,W",23.0,",,W",,,,,,,,,,,,,,,,,,,,,,,,,,,,,,,,,,
,USW00013881,"CHARLOTTE DOUGLAS AIRPORT, NC US",35.2236,-80.9552,221.9,2020-01-23,7.38,",,W",,,0.0,",,W,2400",0.0,",,W,2400",0.0,",,W,2400",37.0,"H,,S",49.0,",,W",28.0,",,W",,,,,,,,,,,,,,,,,,,,,,,,,,,,,,,,,,
,USW00013881,"CHARLOTTE DOUGLAS AIRPORT, NC US",35.2236,-80.9552,221.9,2020-01-24,8.05,",,W",,,1.03,",,W,2400",0.0,",,W,2400",0.0,",,W,2400",46.0,"H,,S",60.0,",,W",38.0,",,W",,,,,,,,,,,,,,,,,,,,,,,,,,,,,,,,,,
,USW00013881,"CHARLOTTE DOUGLAS AIRPORT, NC US",35.2236,-80.9552,221.9,2020-01-25,5.14,",,W",,,0.0,",,W,2400",0.0,",,W,2400",0.0,",,W,2400",47.0,"H,,S",56.0,",,W",32.0,",,W",,,,,,,,,,,,,,,,,,,,,,,,,,,,,,,,,,
,USW00013881,"CHARLOTTE DOUGLAS AIRPORT, NC US",35.2236,-80.9552,221.9,2020-01-26,3.36,",,W",,,0.0,",,W,2400",0.0,",,W,2400",0.0,",,W,2400",41.0,"H,,S",55.0,",,W",27.0,",,W",,,,,,,,,,,,,,,,,,,,,,,,,,,,,,,,,,
,USW00013881,"CHARLOTTE DOUGLAS AIRPORT, NC US",35.2236,-80.9552,221.9,2020-01-27,4.92,",,W",,,0.01,",,W,2400",0.0,",,W,2400",0.0,",,W,2400",45.0,"H,,S",55.0,",,W",36.0,",,W",,,,,,,,,,,,,,,,,,,,,,,,,,,,,,,,,,
,USW00013881,"CHARLOTTE DOUGLAS AIRPORT, NC US",35.2236,-80.9552,221.9,2020-01-28,4.47,",,W",,,0.0,",,W,2400",0.0,",,W,2400",0.0,",,W,2400",45.0,"H,,S",58.0,",,W",31.0,",,W",,,,,,,,,,,,,,,,,,,,,,,,,,,,,,,,,,
,USW00013881,"CHARLOTTE DOUGLAS AIRPORT, NC US",35.2236,-80.9552,221.9,2020-01-29,6.93,",,W",,,0.0,",,W,2400",0.0,",,W,2400",0.0,",,W,2400",44.0,"H,,S",50.0,",,W",37.0,",,W",,,,,,,,,,,,,,,,,,,,,,,,,,,,,,,,,,
,USW00013881,"CHARLOTTE DOUGLAS AIRPORT, NC US",35.2236,-80.9552,221.9,2020-01-30,6.26,",,W",,,0.01,",,W,2400",0.0,",,W,2400",0.0,",,W,2400",45.0,"H,,S",53.0,",,W",36.0,",,W",,,,,,,,,,,,,,,,,,,,,,,,,,,,,,,,,,
,USW00013881,"CHARLOTTE DOUGLAS AIRPORT, NC US",35.2236,-80.9552,221.9,2020-01-31,6.49,",,W",,,0.53,",,W,2400",0.0,"T,,W,2400",0.0,",,W,2400",37.0,"H,,S",39.0,",,W",30.0,",,W",,,,,,,,,,,,,,,,,,,,,,,,,,,,,,,,,,
,USW00013881,"CHARLOTTE DOUGLAS AIRPORT, NC US",35.2236,-80.9552,221.9,2020-02-01,4.92,",,W",,,0.01,",,W,2400",0.0,",,W,2400",0.0,",,W,2400",42.0,"H,,S",54.0,",,W",38.0,",,W",,,,,,,,,,,,,,,,,,,,,,,,,,,,,,,,,,
,USW00013881,"CHARLOTTE DOUGLAS AIRPORT, NC US",35.2236,-80.9552,221.9,2020-02-02,9.4,",,W",,,0.0,",,W,2400",0.0,",,W,2400",0.0,",,W,2400",48.0,"H,,S",63.0,",,W",37.0,",,W",,,,,,,,,,,,,,,,,,,,,,,,,,,,,,,,,,
,USW00013881,"CHARLOTTE DOUGLAS AIRPORT, NC US",35.2236,-80.9552,221.9,2020-02-03,7.16,",,W",,,0.0,",,W,2400",0.0,",,W,2400",0.0,",,W,2400",56.0,"H,,S",74.0,",,W",39.0,",,W",,,,,,,,,,,,,,,,,,,,,,,,,,,,,,,,,,
,USW00013881,"CHARLOTTE DOUGLAS AIRPORT, NC US",35.2236,-80.9552,221.9,2020-02-04,9.62,",,W",,,0.0,"T,,W,2400",0.0,",,W,2400",0.0,",,W,2400",62.0,"H,,S",66.0,",,W",58.0,",,W",,,,,,,,,,,,,,,,,,,,,,,,,,,,,,,,,,
,USW00013881,"CHARLOTTE DOUGLAS AIRPORT, NC US",35.2236,-80.9552,221.9,2020-02-05,9.84,",,W",,,0.15,",,W,2400",0.0,",,W,2400",0.0,",,W,2400",62.0,"H,,S",64.0,",,W",60.0,",,W",,,,,,,,,,,,,,,,,,,,,,,,,,,,,,,,,,
,USW00013881,"CHARLOTTE DOUGLAS AIRPORT, NC US",35.2236,-80.9552,221.9,2020-02-06,12.3,",,W",,,3.16,",,W,2400",0.0,",,W,2400",0.0,",,W,2400",63.0,"H,,S",69.0,",,W",60.0,",,W",,,,,,,,,,,,,,,,,,,,,,,,,,,,,,,,,,
,USW00013881,"CHARLOTTE DOUGLAS AIRPORT, NC US",35.2236,-80.9552,221.9,2020-02-07,12.3,",,W",,,0.06,",,W,2400",0.0,"T,,W,2400",0.0,",,W,2400",53.0,"H,,S",60.0,",,W",32.0,",,W",,,,,,,,,,,,,,,,,,,,,,,,,,,,,,,,,,
,USW00013881,"CHARLOTTE DOUGLAS AIRPORT, NC US",35.2236,-80.9552,221.9,2020-02-08,3.8,",,W",,,0.03,",,W,2400",0.0,"T,,W,2400",0.0,",,W,2400",34.0,"H,,S",40.0,",,W",27.0,",,W",,,,,,,,,,,,,,,,,,,,,,,,,,,,,,,,,,
,USW00013881,"CHARLOTTE DOUGLAS AIRPORT, NC US",35.2236,-80.9552,221.9,2020-02-09,4.25,",,W",,,0.0,",,W,2400",0.0,",,W,2400",0.0,",,W,2400",40.0,"H,,S",53.0,",,W",33.0,",,W",,,,,,,,,,,,,,,,,,,,,,,,,,,,,,,,,,
,USW00013881,"CHARLOTTE DOUGLAS AIRPORT, NC US",35.2236,-80.9552,221.9,2020-02-10,3.36,",,W",,,0.03,",,W,2400",0.0,",,W,2400",0.0,",,W,2400",45.0,"H,,S",59.0,",,W",33.0,",,W",,,,,,,,,,,,,,,,,,,,,,,,,,,,,,,,,,
,USW00013881,"CHARLOTTE DOUGLAS AIRPORT, NC US",35.2236,-80.9552,221.9,2020-02-11,11.86,",,W",,,0.57,",,W,2400",0.0,",,W,2400",0.0,",,W,2400",61.0,"H,,S",75.0,",,W",51.0,",,W",,,,,,,,,,,,,,,,,,,,,,,,,,,,,,,,,,
,USW00013881,"CHARLOTTE DOUGLAS AIRPORT, NC US",35.2236,-80.9552,221.9,2020-02-12,6.04,",,W",,,0.0,"T,,W,2400",0.0,",,W,2400",0.0,",,W,2400",61.0,"H,,S",64.0,",,W",54.0,",,W",,,,,,,,,,,,,,,,,,,,,,,,,,,,,,,,,,
,USW00013881,"CHARLOTTE DOUGLAS AIRPORT, NC US",35.2236,-80.9552,221.9,2020-02-13,12.3,",,W",,,0.45,",,W,2400",0.0,",,W,2400",0.0,",,W,2400",62.0,"H,,S",70.0,",,W",50.0,",,W",,,,,,,,,,,,,,,,,,,,,,,,,,,,,,,,,,
,USW00013881,"CHARLOTTE DOUGLAS AIRPORT, NC US",35.2236,-80.9552,221.9,2020-02-14,7.83,",,W",,,0.0,",,W,2400",0.0,",,W,2400",0.0,",,W,2400",49.0,"H,,S",56.0,",,W",38.0,",,W",,,,,,,,,,,,,,,,,,,,,,,,,,,,,,,,,,
,USW00013881,"CHARLOTTE DOUGLAS AIRPORT, NC US",35.2236,-80.9552,221.9,2020-02-15,6.93,",,W",,,0.0,",,W,2400",0.0,",,W,2400",0.0,",,W,2400",39.0,"H,,S",48.0,",,W",28.0,",,W",,,,,,,,,,,,,,,,,,,,,,,,,,,,,,,,,,
,USW00013881,"CHARLOTTE DOUGLAS AIRPORT, NC US",35.2236,-80.9552,221.9,2020-02-16,3.36,",,W",,,0.0,"T,,W,2400",0.0,",,W,2400",0.0,",,W,2400",42.0,"H,,S",49.0,",,W",33.0,",,W",,,,,,,,,,,,,,,,,,,,,,,,,,,,,,,,,,
,USW00013881,"CHARLOTTE DOUGLAS AIRPORT, NC US",35.2236,-80.9552,221.9,2020-02-17,5.82,",,W",,,0.0,",,W,2400",0.0,",,W,2400",0.0,",,W,2400",48.0,"H,,S",64.0,",,W",34.0,",,W",,,,,,,,,,,,,,,,,,,,,,,,,,,,,,,,,,
,USW00013881,"CHARLOTTE DOUGLAS AIRPORT, NC US",35.2236,-80.9552,221.9,2020-02-18,4.92,",,W",,,0.21,",,W,2400",0.0,",,W,2400",0.0,",,W,2400",55.0,"H,,S",62.0,",,W",49.0,",,W",,,,,,,,,,,,,,,,,,,,,,,,,,,,,,,,,,
,USW00013881,"CHARLOTTE DOUGLAS AIRPORT, NC US",35.2236,-80.9552,221.9,2020-02-19,8.28,",,W",,,0.15,",,W,2400",0.0,",,W,2400",0.0,",,W,2400",54.0,"H,,S",58.0,",,W",47.0,",,W",,,,,,,,,,,,,,,,,,,,,,,,,,,,,,,,,,
,USW00013881,"CHARLOTTE DOUGLAS AIRPORT, NC US",35.2236,-80.9552,221.9,2020-02-20,7.83,",,W",,,0.34,",,W,2400",0.3,",,W,2400",0.0,",,W,2400",44.0,"H,,S",48.0,",,W",34.0,",,W",,,,,,,,,,,,,,,,,,,,,,,,,,,,,,,,,,
,USW00013881,"CHARLOTTE DOUGLAS AIRPORT, NC US",35.2236,-80.9552,221.9,2020-02-21,8.05,",,W",,,0.0,",,W,2400",0.0,",,W,2400",0.0,",,W,2400",36.0,"H,,S",44.0,",,W",28.0,",,W",,,,,,,,,,,,,,,,,,,,,,,,,,,,,,,,,,
,USW00013881,"CHARLOTTE DOUGLAS AIRPORT, NC US",35.2236,-80.9552,221.9,2020-02-22,3.58,",,W",,,0.0,",,W,2400",0.0,",,W,2400",0.0,",,W,2400",38.0,"H,,S",56.0,",,W",24.0,",,W",,,,,,,,,,,,,,,,,,,,,,,,,,,,,,,,,,
,USW00013881,"CHARLOTTE DOUGLAS AIRPORT, NC US",35.2236,-80.9552,221.9,2020-02-23,5.82,",,W",,,0.0,",,W,2400",0.0,",,W,2400",0.0,",,W,2400",45.0,"H,,S",60.0,",,W",31.0,",,W",,,,,,,,,,,,,,,,,,,,,,,,,,,,,,,,,,
,USW00013881,"CHARLOTTE DOUGLAS AIRPORT, NC US",35.2236,-80.9552,221.9,2020-02-24,5.59,",,W",,,0.5,",,W,2400",0.0,",,W,2400",0.0,",,W,2400",50.0,"H,,S",52.0,",,W",47.0,",,W",,,,,,,,,,,,,,,,,,,,,,,,,,,,,,,,,,
,USW00013881,"CHARLOTTE DOUGLAS AIRPORT, NC US",35.2236,-80.9552,221.9,2020-02-25,5.82,",,W",,,0.24,",,W,2400",0.0,",,W,2400",0.0,",,W,2400",53.0,"H,,S",63.0,",,W",48.0,",,W",,,,,,,,,,,,,,,,,,,,,,,,,,,,,,,,,,
,USW00013881,"CHARLOTTE DOUGLAS AIRPORT, NC US",35.2236,-80.9552,221.9,2020-02-26,8.05,",,W",,,0.0,",,W,2400",0.0,",,W,2400",0.0,",,W,2400",54.0,"H,,S",64.0,",,W",44.0,",,W",,,,,,,,,,,,,,,,,,,,,,,,,,,,,,,,,,
,USW00013881,"CHARLOTTE DOUGLAS AIRPORT, NC US",35.2236,-80.9552,221.9,2020-02-27,9.17,",,W",,,0.0,",,W,2400",0.0,",,W,2400",0.0,",,W,2400",45.0,"H,,S",50.0,",,W",31.0,",,W",,,,,,,,,,,,,,,,,,,,,,,,,,,,,,,,,,
,USW00013881,"CHARLOTTE DOUGLAS AIRPORT, NC US",35.2236,-80.9552,221.9,2020-02-28,7.38,",,W",,,0.01,",,W,2400",0.0,",,W,2400",0.0,",,W,2400",41.0,"H,,S",52.0,",,W",27.0,",,W",,,,,,,,,,,,,,,,,,,,,,,,,,,,,,,,,,
,USW00013881,"CHARLOTTE DOUGLAS AIRPORT, NC US",35.2236,-80.9552,221.9,2020-02-29,8.05,",,W",,,0.0,",,W,2400",0.0,",,W,2400",0.0,",,W,2400",42.0,"H,,S",51.0,",,W",30.0,",,W",,,,,,,,,,,,,,,,,,,,,,,,,,,,,,,,,,
,USW00013881,"CHARLOTTE DOUGLAS AIRPORT, NC US",35.2236,-80.9552,221.9,2020-03-01,5.37,",,W",,,0.0,",,W,2400",0.0,",,W,2400",0.0,",,W,2400",41.0,"H,,S",59.0,",,W",23.0,",,W",,,,,,,,,,,,,,,,,,,,,,,,,,,,,,,,,,
,USW00013881,"CHARLOTTE DOUGLAS AIRPORT, NC US",35.2236,-80.9552,221.9,2020-03-02,9.17,",,W",,,0.0,"T,,W,2400",0.0,",,W,2400",0.0,",,W,2400",51.0,"H,,S",62.0,",,W",41.0,",,W",,,,,,,,,,,,,,,,,,,,,,,,,,,,,,,,,,
,USW00013881,"CHARLOTTE DOUGLAS AIRPORT, NC US",35.2236,-80.9552,221.9,2020-03-03,8.05,",,W",,,0.87,",,W,2400",0.0,",,W,2400",0.0,",,W,2400",56.0,"H,,S",60.0,",,W",54.0,",,W",,,,,,,,,,,,,,,,,,,,,,,,,,,,,,,,,,
,USW00013881,"CHARLOTTE DOUGLAS AIRPORT, NC US",35.2236,-80.9552,221.9,2020-03-04,4.47,",,W",,,0.0,",,W,2400",0.0,",,W,2400",0.0,",,W,2400",55.0,"H,,S",59.0,",,W",46.0,",,W",,,,,,,,,,,,,,,,,,,,,,,,,,,,,,,,,,
,USW00013881,"CHARLOTTE DOUGLAS AIRPORT, NC US",35.2236,-80.9552,221.9,2020-03-05,5.37,",,W",,,0.1,",,W,2400",0.0,",,W,2400",0.0,",,W,2400",51.0,"H,,S",58.0,",,W",42.0,",,W",,,,,,,,,,,,,,,,,,,,,,,,,,,,,,,,,,
,USW00013881,"CHARLOTTE DOUGLAS AIRPORT, NC US",35.2236,-80.9552,221.9,2020-03-06,10.29,",,W",,,0.0,",,W,2400",0.0,",,W,2400",0.0,",,W,2400",47.0,"H,,S",56.0,",,W",36.0,",,W",,,,,,,,,,,,,,,,,,,,,,,,,,,,,,,,,,
,USW00013881,"CHARLOTTE DOUGLAS AIRPORT, NC US",35.2236,-80.9552,221.9,2020-03-07,8.28,",,W",,,0.0,",,W,2400",0.0,",,W,2400",0.0,",,W,2400",44.0,"H,,S",56.0,",,W",33.0,",,W",,,,,,,,,,,,,,,,,,,,,,,,,,,,,,,,,,
,USW00013881,"CHARLOTTE DOUGLAS AIRPORT, NC US",35.2236,-80.9552,221.9,2020-03-08,5.82,",,W",,,0.0,",,W,2400",0.0,",,W,2400",0.0,",,W,2400",46.0,"H,,S",61.0,",,W",27.0,",,W",,,,,,,,,,,,,,,,,,,,,,,,,,,,,,,,,,
,USW00013881,"CHARLOTTE DOUGLAS AIRPORT, NC US",35.2236,-80.9552,221.9,2020-03-09,8.28,",,W",,,0.0,",,W,2400",0.0,",,W,2400",0.0,",,W,2400",52.0,"H,,S",68.0,",,W",36.0,",,W",,,,,,,,,,,,,,,,,,,,,,,,,,,,,,,,,,
,USW00013881,"CHARLOTTE DOUGLAS AIRPORT, NC US",35.2236,-80.9552,221.9,2020-03-10,9.84,",,W",,,0.04,",,W,2400",0.0,",,W,2400",0.0,",,W,2400",61.0,"H,,S",70.0,",,W",57.0,",,W",,,,,,,,,,,,,,,,,,,,,,,,,,,,,,,,,,
,USW00013881,"CHARLOTTE DOUGLAS AIRPORT, NC US",35.2236,-80.9552,221.9,2020-03-11,6.49,",,W",,,0.0,"T,,W,2400",0.0,",,W,2400",0.0,",,W,2400",62.0,"H,,S",78.0,",,W",50.0,",,W",,,,,,,,,,,,,,,,,,,,,,,,,,,,,,,,,,
,USW00013881,"CHARLOTTE DOUGLAS AIRPORT, NC US",35.2236,-80.9552,221.9,2020-03-12,5.82,",,W",,,0.0,"T,,W,2400",0.0,",,W,2400",0.0,",,W,2400",63.0,"H,,S",76.0,",,W",46.0,",,W",,,,,,,,,,,,,,,,,,,,,,,,,,,,,,,,,,
,USW00013881,"CHARLOTTE DOUGLAS AIRPORT, NC US",35.2236,-80.9552,221.9,2020-03-13,8.5,",,W",,,0.0,"T,,W,2400",0.0,",,W,2400",0.0,",,W,2400",69.0,"H,,S",76.0,",,W",62.0,",,W",,,,,,,,,,,,,,,,,,,,,,,,,,,,,,,,,,
,USW00013881,"CHARLOTTE DOUGLAS AIRPORT, NC US",35.2236,-80.9552,221.9,2020-03-14,6.49,",,W",,,0.01,",,W,2400",0.0,",,W,2400",0.0,",,W,2400",63.0,"H,,S",67.0,",,W",54.0,",,W",,,,,,,,,,,,,,,,,,,,,,,,,,,,,,,,,,
,USW00013881,"CHARLOTTE DOUGLAS AIRPORT, NC US",35.2236,-80.9552,221.9,2020-03-15,8.72,",,W",,,0.0,"T,,W,2400",0.0,",,W,2400",0.0,",,W,2400",58.0,"H,,S",62.0,",,W",50.0,",,W",,,,,,,,,,,,,,,,,,,,,,,,,,,,,,,,,,
,USW00013881,"CHARLOTTE DOUGLAS AIRPORT, NC US",35.2236,-80.9552,221.9,2020-03-16,5.59,",,W",,,0.0,"T,,W,2400",0.0,",,W,2400",0.0,",,W,2400",51.0,"H,,S",55.0,",,W",48.0,",,W",,,,,,,,,,,,,,,,,,,,,,,,,,,,,,,,,,
,USW00013881,"CHARLOTTE DOUGLAS AIRPORT, NC US",35.2236,-80.9552,221.9,2020-03-17,3.13,",,W",,,0.45,",,W,2400",0.0,",,W,2400",0.0,",,W,2400",53.0,"H,,S",65.0,",,W",48.0,",,W",,,,,,,,,,,,,,,,,,,,,,,,,,,,,,,,,,
,USW00013881,"CHARLOTTE DOUGLAS AIRPORT, NC US",35.2236,-80.9552,221.9,2020-03-18,7.61,",,W",,,0.0,",,W,2400",0.0,",,W,2400",0.0,",,W,2400",60.0,"H,,S",71.0,",,W",50.0,",,W",,,,,,,,,,,,,,,,,,,,,,,,,,,,,,,,,,
,USW00013881,"CHARLOTTE DOUGLAS AIRPORT, NC US",35.2236,-80.9552,221.9,2020-03-19,7.61,",,W",,,0.15,",,W,2400",0.0,",,W,2400",0.0,",,W,2400",68.0,"H,,S",81.0,",,W",61.0,",,W",,,,,,,,,,,,,,,,,,,,,,,,,,,,,,,,,,
,USW00013881,"CHARLOTTE DOUGLAS AIRPORT, NC US",35.2236,-80.9552,221.9,2020-03-20,11.86,",,W",,,0.0,",,W,2400",0.0,",,W,2400",0.0,",,W,2400",74.0,"H,,S",84.0,",,W",65.0,",,W",,,,,,,,,,,,,,,,,,,,,,,,,,,,,,,,,,
,USW00013881,"CHARLOTTE DOUGLAS AIRPORT, NC US",35.2236,-80.9552,221.9,2020-03-21,6.04,",,W",,,0.02,",,W,2400",0.0,",,W,2400",0.0,",,W,2400",72.0,"H,,S",82.0,",,W",61.0,",,W",,,,,,,,,,,,,,,,,,,,,,,,,,,,,,,,,,
,USW00013881,"CHARLOTTE DOUGLAS AIRPORT, NC US",35.2236,-80.9552,221.9,2020-03-22,10.74,",,W",,,0.02,",,W,2400",0.0,",,W,2400",0.0,",,W,2400",58.0,"H,,S",61.0,",,W",50.0,",,W",,,,,,,,,,,,,,,,,,,,,,,,,,,,,,,,,,
,USW00013881,"CHARLOTTE DOUGLAS AIRPORT, NC US",35.2236,-80.9552,221.9,2020-03-23,4.92,",,W",,,0.39,",,W,2400",0.0,",,W,2400",0.0,",,W,2400",50.0,"H,,S",53.0,",,W",47.0,",,W",,,,,,,,,,,,,,,,,,,,,,,,,,,,,,,,,,
,USW00013881,"CHARLOTTE DOUGLAS AIRPORT, NC US",35.2236,-80.9552,221.9,2020-03-24,6.26,",,W",,,0.41,",,W,2400",0.0,",,W,2400",0.0,",,W,2400",55.0,"H,,S",60.0,",,W",52.0,",,W",,,,,,,,,,,,,,,,,,,,,,,,,,,,,,,,,,
,USW00013881,"CHARLOTTE DOUGLAS AIRPORT, NC US",35.2236,-80.9552,221.9,2020-03-25,8.28,",,W",,,1.16,",,W,2400",0.0,",,W,2400",0.0,",,W,2400",59.0,"H,,S",73.0,",,W",53.0,",,W",,,,,,,,,,,,,,,,,,,,,,,,,,,,,,,,,,
,USW00013881,"CHARLOTTE DOUGLAS AIRPORT, NC US",35.2236,-80.9552,221.9,2020-03-26,7.61,",,W",,,0.0,",,W,2400",0.0,",,W,2400",0.0,",,W,2400",55.0,"H,,S",61.0,",,W",49.0,",,W",,,,,,,,,,,,,,,,,,,,,,,,,,,,,,,,,,
,USW00013881,"CHARLOTTE DOUGLAS AIRPORT, NC US",35.2236,-80.9552,221.9,2020-03-27,8.5,",,W",,,0.0,",,W,2400",0.0,",,W,2400",0.0,",,W,2400",65.0,"H,,S",83.0,",,W",55.0,",,W",,,,,,,,,,,,,,,,,,,,,,,,,,,,,,,,,,
,USW00013881,"CHARLOTTE DOUGLAS AIRPORT, NC US",35.2236,-80.9552,221.9,2020-03-28,8.95,",,W",,,0.0,",,W,2400",0.0,",,W,2400",0.0,",,W,2400",74.0,"H,,S",87.0,",,W",61.0,",,W",,,,,,,,,,,,,,,,,,,,,,,,,,,,,,,,,,
,USW00013881,"CHARLOTTE DOUGLAS AIRPORT, NC US",35.2236,-80.9552,221.9,2020-03-29,12.53,",,W",,,0.0,",,W,2400",0.0,",,W,2400",0.0,",,W,2400",76.0,"H,,S",85.0,",,W",67.0,",,W",,,,,,,,,,,,,,,,,,,,,,,,,,,,,,,,,,
,USW00013881,"CHARLOTTE DOUGLAS AIRPORT, NC US",35.2236,-80.9552,221.9,2020-03-30,5.37,",,W",,,0.0,",,W,2400",0.0,",,W,2400",0.0,",,W,2400",68.0,"H,,S",76.0,",,W",55.0,",,W",,,,,,,,,,,,,,,,,,,,,,,,,,,,,,,,,,
,USW00013881,"CHARLOTTE DOUGLAS AIRPORT, NC US",35.2236,-80.9552,221.9,2020-03-31,10.74,",,W",,,0.04,",,W,2400",0.0,",,W,2400",0.0,",,W,2400",60.0,"H,,S",64.0,",,W",47.0,",,W",,,,,,,,,,,,,,,,,,,,,,,,,,,,,,,,,,
,USW00013881,"CHARLOTTE DOUGLAS AIRPORT, NC US",35.2236,-80.9552,221.9,2020-04-01,8.05,",,W",,,0.0,",,W,2400",0.0,",,W,2400",0.0,",,W,2400",52.0,"H,,S",59.0,",,W",45.0,",,W",,,,,,,,,,,,,,,,,,,,,,,,,,,,,,,,,,
,USW00013881,"CHARLOTTE DOUGLAS AIRPORT, NC US",35.2236,-80.9552,221.9,2020-04-02,7.16,",,W",,,0.0,",,W,2400",0.0,",,W,2400",0.0,",,W,2400",52.0,"H,,S",68.0,",,W",36.0,",,W",,,,,,,,,,,,,,,,,,,,,,,,,,,,,,,,,,
,USW00013881,"CHARLOTTE DOUGLAS AIRPORT, NC US",35.2236,-80.9552,221.9,2020-04-03,5.82,",,W",,,0.0,",,W,2400",0.0,",,W,2400",0.0,",,W,2400",57.0,"H,,S",77.0,",,W",39.0,",,W",,,,,,,,,,,,,,,,,,,,,,,,,,,,,,,,,,
,USW00013881,"CHARLOTTE DOUGLAS AIRPORT, NC US",35.2236,-80.9552,221.9,2020-04-04,5.14,",,W",,,0.0,",,W,2400",0.0,",,W,2400",0.0,",,W,2400",62.0,"H,,S",78.0,",,W",45.0,",,W",,,,,,,,,,,,,,,,,,,,,,,,,,,,,,,,,,
,USW00013881,"CHARLOTTE DOUGLAS AIRPORT, NC US",35.2236,-80.9552,221.9,2020-04-05,6.04,",,W",,,0.0,",,W,2400",0.0,",,W,2400",0.0,",,W,2400",64.0,"H,,S",77.0,",,W",54.0,",,W",,,,,,,,,,,,,,,,,,,,,,,,,,,,,,,,,,
,USW00013881,"CHARLOTTE DOUGLAS AIRPORT, NC US",35.2236,-80.9552,221.9,2020-04-06,4.03,",,W",,,0.02,",,W,2400",0.0,",,W,2400",0.0,",,W,2400",67.0,"H,,S",84.0,",,W",54.0,",,W",,,,,,,,,,,,,,,,,,,,,,,,,,,,,,,,,,
,USW00013881,"CHARLOTTE DOUGLAS AIRPORT, NC US",35.2236,-80.9552,221.9,2020-04-07,5.82,",,W",,,0.0,",,W,2400",0.0,",,W,2400",0.0,",,W,2400",68.0,"H,,S",83.0,",,W",53.0,",,W",,,,,,,,,,,,,,,,,,,,,,,,,,,,,,,,,,
,USW00013881,"CHARLOTTE DOUGLAS AIRPORT, NC US",35.2236,-80.9552,221.9,2020-04-08,4.92,",,W",,,0.0,"T,,W,2400",0.0,",,W,2400",0.0,",,W,2400",72.0,"H,,S",85.0,",,W",59.0,",,W",,,,,,,,,,,,,,,,,,,,,,,,,,,,,,,,,,
,USW00013881,"CHARLOTTE DOUGLAS AIRPORT, NC US",35.2236,-80.9552,221.9,2020-04-09,9.62,",,W",,,0.11,",,W,2400",0.0,",,W,2400",0.0,",,W,2400",70.0,"H,,S",82.0,",,W",60.0,",,W",,,,,,,,,,,,,,,,,,,,,,,,,,,,,,,,,,
,USW00013881,"CHARLOTTE DOUGLAS AIRPORT, NC US",35.2236,-80.9552,221.9,2020-04-10,8.95,",,W",,,0.0,",,W,2400",0.0,",,W,2400",0.0,",,W,2400",59.0,"H,,S",63.0,",,W",38.0,",,W",,,,,,,,,,,,,,,,,,,,,,,,,,,,,,,,,,
,USW00013881,"CHARLOTTE DOUGLAS AIRPORT, NC US",35.2236,-80.9552,221.9,2020-04-11,5.37,",,W",,,0.0,",,W,2400",0.0,",,W,2400",0.0,",,W,2400",52.0,"H,,S",67.0,",,W",33.0,",,W",,,,,,,,,,,,,,,,,,,,,,,,,,,,,,,,,,
,USW00013881,"CHARLOTTE DOUGLAS AIRPORT, NC US",35.2236,-80.9552,221.9,2020-04-12,10.74,",,W",,,0.56,",,W,2400",0.0,",,W,2400",0.0,",,W,2400",57.0,"H,,S",69.0,",,W",48.0,",,W",,,,,,,,,,,,,,,,,,,,,,,,,,,,,,,,,,
,USW00013881,"CHARLOTTE DOUGLAS AIRPORT, NC US",35.2236,-80.9552,221.9,2020-04-13,11.86,",,W",,,1.47,",,W,2400",0.0,",,W,2400",0.0,",,W,2400",71.0,"H,,S",80.0,",,W",58.0,",,W",,,,,,,,,,,,,,,,,,,,,,,,,,,,,,,,,,
,USW00013881,"CHARLOTTE DOUGLAS AIRPORT, NC US",35.2236,-80.9552,221.9,2020-04-14,6.71,",,W",,,0.0,",,W,2400",0.0,",,W,2400",0.0,",,W,2400",64.0,"H,,S",76.0,",,W",54.0,",,W",,,,,,,,,,,,,,,,,,,,,,,,,,,,,,,,,,
,USW00013881,"CHARLOTTE DOUGLAS AIRPORT, NC US",35.2236,-80.9552,221.9,2020-04-15,9.4,",,W",,,0.0,",,W,2400",0.0,",,W,2400",0.0,",,W,2400",55.0,"H,,S",60.0,",,W",41.0,",,W",,,,,,,,,,,,,,,,,,,,,,,,,,,,,,,,,,
,USW00013881,"CHARLOTTE DOUGLAS AIRPORT, NC US",35.2236,-80.9552,221.9,2020-04-16,4.03,",,W",,,0.0,",,W,2400",0.0,",,W,2400",0.0,",,W,2400",53.0,"H,,S",69.0,",,W",36.0,",,W",,,,,,,,,,,,,,,,,,,,,,,,,,,,,,,,,,
,USW00013881,"CHARLOTTE DOUGLAS AIRPORT, NC US",35.2236,-80.9552,221.9,2020-04-17,10.07,",,W",,,0.0,",,W,2400",0.0,",,W,2400",0.0,",,W,2400",56.0,"H,,S",72.0,",,W",37.0,",,W",,,,,,,,,,,,,,,,,,,,,,,,,,,,,,,,,,
,USW00013881,"CHARLOTTE DOUGLAS AIRPORT, NC US",35.2236,-80.9552,221.9,2020-04-18,9.4,",,W",,,0.1,",,W,2400",0.0,",,W,2400",0.0,",,W,2400",64.0,"H,,S",71.0,",,W",50.0,",,W",,,,,,,,,,,,,,,,,,,,,,,,,,,,,,,,,,
,USW00013881,"CHARLOTTE DOUGLAS AIRPORT, NC US",35.2236,-80.9552,221.9,2020-04-19,4.25,",,W",,,0.05,",,W,2400",0.0,",,W,2400",0.0,",,W,2400",54.0,"H,,S",64.0,",,W",40.0,",,W",,,,,,,,,,,,,,,,,,,,,,,,,,,,,,,,,,
,USW00013881,"CHARLOTTE DOUGLAS AIRPORT, NC US",35.2236,-80.9552,221.9,2020-04-20,7.83,",,W",,,1.06,",,W,2400",0.0,",,W,2400",0.0,",,W,2400",58.0,"H,,S",67.0,",,W",52.0,",,W",,,,,,,,,,,,,,,,,,,,,,,,,,,,,,,,,,
,USW00013881,"CHARLOTTE DOUGLAS AIRPORT, NC US",35.2236,-80.9552,221.9,2020-04-21,8.5,",,W",,,0.0,",,W,2400",0.0,",,W,2400",0.0,",,W,2400",62.0,"H,,S",77.0,",,W",49.0,",,W",,,,,,,,,,,,,,,,,,,,,,,,,,,,,,,,,,
,USW00013881,"CHARLOTTE DOUGLAS AIRPORT, NC US",35.2236,-80.9552,221.9,2020-04-22,4.92,",,W",,,0.0,",,W,2400",0.0,",,W,2400",0.0,",,W,2400",61.0,"H,,S",70.0,",,W",42.0,",,W",,,,,,,,,,,,,,,,,,,,,,,,,,,,,,,,,,
,USW00013881,"CHARLOTTE DOUGLAS AIRPORT, NC US",35.2236,-80.9552,221.9,2020-04-23,8.95,",,W",,,0.4,",,W,2400",0.0,",,W,2400",0.0,",,W,2400",59.0,"H,,S",66.0,",,W",54.0,",,W",,,,,,,,,,,,,,,,,,,,,,,,,,,,,,,,,,
,USW00013881,"CHARLOTTE DOUGLAS AIRPORT, NC US",35.2236,-80.9552,221.9,2020-04-24,9.84,",,W",,,0.0,"T,,W,2400",0.0,",,W,2400",0.0,",,W,2400",68.0,"H,,S",80.0,",,W",61.0,",,W",,,,,,,,,,,,,,,,,,,,,,,,,,,,,,,,,,
,USW00013881,"CHARLOTTE DOUGLAS AIRPORT, NC US",35.2236,-80.9552,221.9,2020-04-25,8.28,",,W",,,0.91,",,W,2400",0.0,"T,,W,2400",0.0,",,W,2400",63.0,"H,,S",69.0,",,W",57.0,",,W",,,,,,,,,,,,,,,,,,,,,,,,,,,,,,,,,,
,USW00013881,"CHARLOTTE DOUGLAS AIRPORT, NC US",35.2236,-80.9552,221.9,2020-04-26,8.05,",,W",,,0.0,",,W,2400",0.0,",,W,2400",0.0,",,W,2400",63.0,"H,,S",73.0,",,W",51.0,",,W",,,,,,,,,,,,,,,,,,,,,,,,,,,,,,,,,,
,USW00013881,"CHARLOTTE DOUGLAS AIRPORT, NC US",35.2236,-80.9552,221.9,2020-04-27,6.26,",,W",,,0.0,",,W,2400",0.0,",,W,2400",0.0,",,W,2400",60.0,"H,,S",74.0,",,W",48.0,",,W",,,,,,,,,,,,,,,,,,,,,,,,,,,,,,,,,,
,USW00013881,"CHARLOTTE DOUGLAS AIRPORT, NC US",35.2236,-80.9552,221.9,2020-04-28,4.92,",,W",,,0.0,",,W,2400",0.0,",,W,2400",0.0,",,W,2400",62.0,"H,,S",76.0,",,W",44.0,",,W",,,,,,,,,,,,,,,,,,,,,,,,,,,,,,,,,,
,USW00013881,"CHARLOTTE DOUGLAS AIRPORT, NC US",35.2236,-80.9552,221.9,2020-04-29,15.66,",,W",,,0.6,",,W,2400",0.0,",,W,2400",0.0,",,W,2400",68.0,"H,,S",79.0,",,W",59.0,",,W",,,,,,,,,,,,,,,,,,,,,,,,,,,,,,,,,,
,USW00013881,"CHARLOTTE DOUGLAS AIRPORT, NC US",35.2236,-80.9552,221.9,2020-04-30,6.71,",,W",,,1.82,",,W,2400",0.0,",,W,2400",0.0,",,W,2400",61.0,"H,,S",68.0,",,W",53.0,",,W",,,,,,,,,,,,,,,,,,,,,,,,,,,,,,,,,,
,USW00013881,"CHARLOTTE DOUGLAS AIRPORT, NC US",35.2236,-80.9552,221.9,2020-05-01,7.61,",,W",,,0.0,",,W,2400",0.0,",,W,2400",0.0,",,W,2400",59.0,"H,,S",70.0,",,W",47.0,",,W",,,,,,,,,,,,,,,,,,,,,,,,,,,,,,,,,,
,USW00013881,"CHARLOTTE DOUGLAS AIRPORT, NC US",35.2236,-80.9552,221.9,2020-05-02,4.47,",,W",,,0.0,",,W,2400",0.0,",,W,2400",0.0,",,W,2400",61.0,"H,,S",76.0,",,W",43.0,",,W",,,,,,,,,,,,,,,,,,,,,,,,,,,,,,,,,,
,USW00013881,"CHARLOTTE DOUGLAS AIRPORT, NC US",35.2236,-80.9552,221.9,2020-05-03,7.38,",,W",,,0.0,",,W,2400",0.0,",,W,2400",0.0,",,W,2400",69.0,"H,,S",85.0,",,W",53.0,",,W",,,,,,,,,,,,,,,,,,,,,,,,,,,,,,,,,,
,USW00013881,"CHARLOTTE DOUGLAS AIRPORT, NC US",35.2236,-80.9552,221.9,2020-05-04,7.16,",,W",,,0.0,",,W,2400",0.0,",,W,2400",0.0,",,W,2400",76.0,"H,,S",83.0,",,W",64.0,",,W",,,,,,,,,,,,,,,,,,,,,,,,,,,,,,,,,,
,USW00013881,"CHARLOTTE DOUGLAS AIRPORT, NC US",35.2236,-80.9552,221.9,2020-05-05,5.82,",,W",,,0.23,",,W,2400",0.0,",,W,2400",0.0,",,W,2400",67.0,"H,,S",70.0,",,W",60.0,",,W",,,,,,,,,,,,,,,,,,,,,,,,,,,,,,,,,,
,USW00013881,"CHARLOTTE DOUGLAS AIRPORT, NC US",35.2236,-80.9552,221.9,2020-05-06,7.16,",,W",,,0.12,",,W,2400",0.0,",,W,2400",0.0,",,W,2400",62.0,"H,,S",72.0,",,W",44.0,",,W",,,,,,,,,,,,,,,,,,,,,,,,,,,,,,,,,,
,USW00013881,"CHARLOTTE DOUGLAS AIRPORT, NC US",35.2236,-80.9552,221.9,2020-05-07,5.37,",,W",,,0.0,",,W,2400",0.0,",,W,2400",0.0,",,W,2400",53.0,"H,,S",67.0,",,W",38.0,",,W",,,,,,,,,,,,,,,,,,,,,,,,,,,,,,,,,,
,USW00013881,"CHARLOTTE DOUGLAS AIRPORT, NC US",35.2236,-80.9552,221.9,2020-05-08,6.71,",,W",,,0.1,",,W,2400",0.0,",,W,2400",0.0,",,W,2400",54.0,"H,,S",63.0,",,W",44.0,",,W",,,,,,,,,,,,,,,,,,,,,,,,,,,,,,,,,,
,USW00013881,"CHARLOTTE DOUGLAS AIRPORT, NC US",35.2236,-80.9552,221.9,2020-05-09,5.59,",,W",,,0.0,",,W,2400",0.0,",,W,2400",0.0,",,W,2400",53.0,"H,,S",64.0,",,W",40.0,",,W",,,,,,,,,,,,,,,,,,,,,,,,,,,,,,,,,,
,USW00013881,"CHARLOTTE DOUGLAS AIRPORT, NC US",35.2236,-80.9552,221.9,2020-05-10,8.5,",,W",,,0.0,",,W,2400",0.0,",,W,2400",0.0,",,W,2400",56.0,"H,,S",70.0,",,W",44.0,",,W",,,,,,,,,,,,,,,,,,,,,,,,,,,,,,,,,,
,USW00013881,"CHARLOTTE DOUGLAS AIRPORT, NC US",35.2236,-80.9552,221.9,2020-05-11,8.5,",,W",,,0.0,",,W,2400",0.0,",,W,2400",0.0,",,W,2400",59.0,"H,,S",67.0,",,W",46.0,",,W",,,,,,,,,,,,,,,,,,,,,,,,,,,,,,,,,,
,USW00013881,"CHARLOTTE DOUGLAS AIRPORT, NC US",35.2236,-80.9552,221.9,2020-05-12,4.25,",,W",,,0.0,",,W,2400",0.0,",,W,2400",0.0,",,W,2400",53.0,"H,,S",66.0,",,W",36.0,",,W",,,,,,,,,,,,,,,,,,,,,,,,,,,,,,,,,,
,USW00013881,"CHARLOTTE DOUGLAS AIRPORT, NC US",35.2236,-80.9552,221.9,2020-05-13,4.03,",,W",,,0.02,",,W,2400",0.0,",,W,2400",0.0,",,W,2400",59.0,"H,,S",71.0,",,W",52.0,",,W",,,,,,,,,,,,,,,,,,,,,,,,,,,,,,,,,,
,USW00013881,"CHARLOTTE DOUGLAS AIRPORT, NC US",35.2236,-80.9552,221.9,2020-05-14,6.93,",,W",,,0.0,",,W,2400",0.0,",,W,2400",0.0,",,W,2400",66.0,"H,,S",80.0,",,W",52.0,",,W",,,,,,,,,,,,,,,,,,,,,,,,,,,,,,,,,,
,USW00013881,"CHARLOTTE DOUGLAS AIRPORT, NC US",35.2236,-80.9552,221.9,2020-05-15,6.93,",,W",,,0.0,",,W,2400",0.0,",,W,2400",0.0,",,W,2400",71.0,"H,,S",82.0,",,W",58.0,",,W",,,,,,,,,,,,,,,,,,,,,,,,,,,,,,,,,,
,USW00013881,"CHARLOTTE DOUGLAS AIRPORT, NC US",35.2236,-80.9552,221.9,2020-05-16,5.14,",,W",,,0.0,",,W,2400",0.0,",,W,2400",0.0,",,W,2400",72.0,"H,,S",86.0,",,W",60.0,",,W",,,,,,,,,,,,,,,,,,,,,,,,,,,,,,,,,,
,USW00013881,"CHARLOTTE DOUGLAS AIRPORT, NC US",35.2236,-80.9552,221.9,2020-05-17,6.71,",,W",,,0.0,",,W,2400",0.0,",,W,2400",0.0,",,W,2400",74.0,"H,,S",84.0,",,W",61.0,",,W",,,,,,,,,,,,,,,,,,,,,,,,,,,,,,,,,,
,USW00013881,"CHARLOTTE DOUGLAS AIRPORT, NC US",35.2236,-80.9552,221.9,2020-05-18,6.26,",,W",,,0.31,",,W,2400",0.0,",,W,2400",0.0,",,W,2400",72.0,"H,,S",79.0,",,W",61.0,",,W",,,,,,,,,,,,,,,,,,,,,,,,,,,,,,,,,,
,USW00013881,"CHARLOTTE DOUGLAS AIRPORT, NC US",35.2236,-80.9552,221.9,2020-05-19,12.08,",,W",,,1.32,",,W,2400",0.0,",,W,2400",0.0,",,W,2400",67.0,"H,,S",69.0,",,W",57.0,",,W",,,,,,,,,,,,,,,,,,,,,,,,,,,,,,,,,,
,USW00013881,"CHARLOTTE DOUGLAS AIRPORT, NC US",35.2236,-80.9552,221.9,2020-05-20,11.41,",,W",,,1.27,",,W,2400",0.0,",,W,2400",0.0,",,W,2400",55.0,"H,,S",58.0,",,W",52.0,",,W",,,,,,,,,,,,,,,,,,,,,,,,,,,,,,,,,,
,USW00013881,"CHARLOTTE DOUGLAS AIRPORT, NC US",35.2236,-80.9552,221.9,2020-05-21,7.38,",,W",,,0.39,",,W,2400",0.0,",,W,2400",0.0,",,W,2400",61.0,"H,,S",69.0,",,W",58.0,",,W",,,,,,,,,,,,,,,,,,,,,,,,,,,,,,,,,,
,USW00013881,"CHARLOTTE DOUGLAS AIRPORT, NC US",35.2236,-80.9552,221.9,2020-05-22,2.91,",,W",,,0.7,",,W,2400",0.0,",,W,2400",0.0,",,W,2400",65.0,"H,,S",82.0,",,W",55.0,",,W",,,,,,,,,,,,,,,,,,,,,,,,,,,,,,,,,,
,USW00013881,"CHARLOTTE DOUGLAS AIRPORT, NC US",35.2236,-80.9552,221.9,2020-05-23,4.25,",,W",,,0.0,",,W,2400",0.0,",,W,2400",0.0,",,W,2400",71.0,"H,,S",86.0,",,W",61.0,",,W",,,,,,,,,,,,,,,,,,,,,,,,,,,,,,,,,,
,USW00013881,"CHARLOTTE DOUGLAS AIRPORT, NC US",35.2236,-80.9552,221.9,2020-05-24,4.92,",,W",,,0.03,",,W,2400",0.0,",,W,2400",0.0,",,W,2400",77.0,"H,,S",91.0,",,W",67.0,",,W",,,,,,,,,,,,,,,,,,,,,,,,,,,,,,,,,,
,USW00013881,"CHARLOTTE DOUGLAS AIRPORT, NC US",35.2236,-80.9552,221.9,2020-05-25,6.93,",,W",,,0.0,",,W,2400",0.0,",,W,2400",0.0,",,W,2400",72.0,"H,,S",78.0,",,W",67.0,",,W",,,,,,,,,,,,,,,,,,,,,,,,,,,,,,,,,,
,USW00013881,"CHARLOTTE DOUGLAS AIRPORT, NC US",35.2236,-80.9552,221.9,2020-05-26,8.05,",,W",,,0.0,"T,,W,2400",0.0,",,W,2400",0.0,",,W,2400",72.0,"H,,S",77.0,",,W",69.0,",,W",,,,,,,,,,,,,,,,,,,,,,,,,,,,,,,,,,
,USW00013881,"CHARLOTTE DOUGLAS AIRPORT, NC US",35.2236,-80.9552,221.9,2020-05-27,10.96,",,W",,,1.75,",,W,2400",0.0,",,W,2400",0.0,",,W,2400",70.0,"H,,S",72.0,",,W",67.0,",,W",,,,,,,,,,,,,,,,,,,,,,,,,,,,,,,,,,
,USW00013881,"CHARLOTTE DOUGLAS AIRPORT, NC US",35.2236,-80.9552,221.9,2020-05-28,4.03,",,W",,,0.03,",,W,2400",0.0,",,W,2400",0.0,",,W,2400",72.0,"H,,S",83.0,",,W",64.0,",,W",,,,,,,,,,,,,,,,,,,,,,,,,,,,,,,,,,
,USW00013881,"CHARLOTTE DOUGLAS AIRPORT, NC US",35.2236,-80.9552,221.9,2020-05-29,4.92,",,W",,,0.28,",,W,2400",0.0,",,W,2400",0.0,",,W,2400",73.0,"H,,S",77.0,",,W",68.0,",,W",,,,,,,,,,,,,,,,,,,,,,,,,,,,,,,,,,
,USW00013881,"CHARLOTTE DOUGLAS AIRPORT, NC US",35.2236,-80.9552,221.9,2020-05-30,4.7,",,W",,,0.05,",,W,2400",0.0,",,W,2400",0.0,",,W,2400",77.0,"H,,S",89.0,",,W",68.0,",,W",,,,,,,,,,,,,,,,,,,,,,,,,,,,,,,,,,
,USW00013881,"CHARLOTTE DOUGLAS AIRPORT, NC US",35.2236,-80.9552,221.9,2020-05-31,8.5,",,W",,,0.0,",,W,2400",0.0,",,W,2400",0.0,",,W,2400",74.0,"H,,S",79.0,",,W",63.0,",,W",,,,,,,,,,,,,,,,,,,,,,,,,,,,,,,,,,
,USW00013881,"CHARLOTTE DOUGLAS AIRPORT, NC US",35.2236,-80.9552,221.9,2020-06-01,6.04,",,W",,,0.0,",,W,2400",0.0,",,W,2400",0.0,",,W,2400",69.0,"H,,S",79.0,",,W",57.0,",,W",,,,,,,,,,,,,,,,,,,,,,,,,,,,,,,,,,
,USW00013881,"CHARLOTTE DOUGLAS AIRPORT, NC US",35.2236,-80.9552,221.9,2020-06-02,8.28,",,W",,,0.0,",,W,2400",0.0,",,W,2400",0.0,",,W,2400",71.0,"H,,S",84.0,",,W",59.0,",,W",,,,,,,,,,,,,,,,,,,,,,,,,,,,,,,,,,
,USW00013881,"CHARLOTTE DOUGLAS AIRPORT, NC US",35.2236,-80.9552,221.9,2020-06-03,7.83,",,W",,,0.0,",,W,2400",0.0,",,W,2400",0.0,",,W,2400",77.0,"H,,S",88.0,",,W",66.0,",,W",,,,,,,,,,,,,,,,,,,,,,,,,,,,,,,,,,
,USW00013881,"CHARLOTTE DOUGLAS AIRPORT, NC US",35.2236,-80.9552,221.9,2020-06-04,8.5,",,W",,,0.0,",,W,2400",0.0,",,W,2400",0.0,",,W,2400",80.0,"H,,S",91.0,",,W",70.0,",,W",,,,,,,,,,,,,,,,,,,,,,,,,,,,,,,,,,
,USW00013881,"CHARLOTTE DOUGLAS AIRPORT, NC US",35.2236,-80.9552,221.9,2020-06-05,7.61,",,W",,,0.0,",,W,2400",0.0,",,W,2400",0.0,",,W,2400",76.0,"H,,S",87.0,",,W",69.0,",,W",,,,,,,,,,,,,,,,,,,,,,,,,,,,,,,,,,
,USW00013881,"CHARLOTTE DOUGLAS AIRPORT, NC US",35.2236,-80.9552,221.9,2020-06-06,4.7,",,W",,,0.0,",,W,2400",0.0,",,W,2400",0.0,",,W,2400",79.0,"H,,S",91.0,",,W",68.0,",,W",,,,,,,,,,,,,,,,,,,,,,,,,,,,,,,,,,
,USW00013881,"CHARLOTTE DOUGLAS AIRPORT, NC US",35.2236,-80.9552,221.9,2020-06-07,5.14,",,W",,,0.32,",,W,2400",0.0,",,W,2400",0.0,",,W,2400",80.0,"H,,S",91.0,",,W",72.0,",,W",,,,,,,,,,,,,,,,,,,,,,,,,,,,,,,,,,
,USW00013881,"CHARLOTTE DOUGLAS AIRPORT, NC US",35.2236,-80.9552,221.9,2020-06-08,5.37,",,W",,,0.0,",,W,2400",0.0,",,W,2400",0.0,",,W,2400",81.0,"H,,S",89.0,",,W",75.0,",,W",,,,,,,,,,,,,,,,,,,,,,,,,,,,,,,,,,
,USW00013881,"CHARLOTTE DOUGLAS AIRPORT, NC US",35.2236,-80.9552,221.9,2020-06-09,6.26,",,W",,,0.34,",,W,2400",0.0,",,W,2400",0.0,",,W,2400",81.0,"H,,S",90.0,",,W",74.0,",,W",,,,,,,,,,,,,,,,,,,,,,,,,,,,,,,,,,
,USW00013881,"CHARLOTTE DOUGLAS AIRPORT, NC US",35.2236,-80.9552,221.9,2020-06-10,10.07,",,W",,,0.17,",,W,2400",0.0,",,W,2400",0.0,",,W,2400",80.0,"H,,S",90.0,",,W",72.0,",,W",,,,,,,,,,,,,,,,,,,,,,,,,,,,,,,,,,
,USW00013881,"CHARLOTTE DOUGLAS AIRPORT, NC US",35.2236,-80.9552,221.9,2020-06-11,6.71,",,W",,,0.0,"T,,W,2400",0.0,",,W,2400",0.0,",,W,2400",80.0,"H,,S",89.0,",,W",74.0,",,W",,,,,,,,,,,,,,,,,,,,,,,,,,,,,,,,,,
,USW00013881,"CHARLOTTE DOUGLAS AIRPORT, NC US",35.2236,-80.9552,221.9,2020-06-12,9.17,",,W",,,0.0,",,W,2400",0.0,",,W,2400",0.0,",,W,2400",78.0,"H,,S",85.0,",,W",64.0,",,W",,,,,,,,,,,,,,,,,,,,,,,,,,,,,,,,,,
,USW00013881,"CHARLOTTE DOUGLAS AIRPORT, NC US",35.2236,-80.9552,221.9,2020-06-13,7.38,",,W",,,0.0,",,W,2400",0.0,",,W,2400",0.0,",,W,2400",74.0,"H,,S",84.0,",,W",61.0,",,W",,,,,,,,,,,,,,,,,,,,,,,,,,,,,,,,,,
,USW00013881,"CHARLOTTE DOUGLAS AIRPORT, NC US",35.2236,-80.9552,221.9,2020-06-14,8.28,",,W",,,0.0,",,W,2400",0.0,",,W,2400",0.0,",,W,2400",74.0,"H,,S",82.0,",,W",61.0,",,W",,,,,,,,,,,,,,,,,,,,,,,,,,,,,,,,,,
,USW00013881,"CHARLOTTE DOUGLAS AIRPORT, NC US",35.2236,-80.9552,221.9,2020-06-15,12.08,",,W",,,0.01,",,W,2400",0.0,",,W,2400",0.0,",,W,2400",67.0,"H,,S",72.0,",,W",58.0,",,W",,,,,,,,,,,,,,,,,,,,,,,,,,,,,,,,,,
,USW00013881,"CHARLOTTE DOUGLAS AIRPORT, NC US",35.2236,-80.9552,221.9,2020-06-16,11.41,",,W",,,0.63,",,W,2400",0.0,",,W,2400",0.0,",,W,2400",59.0,"H,,S",61.0,",,W",57.0,",,W",,,,,,,,,,,,,,,,,,,,,,,,,,,,,,,,,,
,USW00013881,"CHARLOTTE DOUGLAS AIRPORT, NC US",35.2236,-80.9552,221.9,2020-06-17,5.14,",,W",,,0.01,",,W,2400",0.0,",,W,2400",0.0,",,W,2400",63.0,"H,,S",73.0,",,W",59.0,",,W",,,,,,,,,,,,,,,,,,,,,,,,,,,,,,,,,,
,USW00013881,"CHARLOTTE DOUGLAS AIRPORT, NC US",35.2236,-80.9552,221.9,2020-06-18,5.82,",,W",,,0.03,",,W,2400",0.0,",,W,2400",0.0,",,W,2400",69.0,"H,,S",80.0,",,W",64.0,",,W",,,,,,,,,,,,,,,,,,,,,,,,,,,,,,,,,,
,USW00013881,"CHARLOTTE DOUGLAS AIRPORT, NC US",35.2236,-80.9552,221.9,2020-06-19,3.58,",,W",,,0.01,",,W,2400",0.0,",,W,2400",0.0,",,W,2400",73.0,"H,,S",84.0,",,W",67.0,",,W",,,,,,,,,,,,,,,,,,,,,,,,,,,,,,,,,,
,USW00013881,"CHARLOTTE DOUGLAS AIRPORT, NC US",35.2236,-80.9552,221.9,2020-06-20,2.91,",,W",,,0.0,",,W,2400",0.0,",,W,2400",0.0,",,W,2400",74.0,"H,,S",86.0,",,W",61.0,",,W",,,,,,,,,,,,,,,,,,,,,,,,,,,,,,,,,,
,USW00013881,"CHARLOTTE DOUGLAS AIRPORT, NC US",35.2236,-80.9552,221.9,2020-06-21,2.91,",,W",,,0.0,",,W,2400",0.0,",,W,2400",0.0,",,W,2400",78.0,"H,,S",91.0,",,W",65.0,",,W",,,,,,,,,,,,,,,,,,,,,,,,,,,,,,,,,,
,USW00013881,"CHARLOTTE DOUGLAS AIRPORT, NC US",35.2236,-80.9552,221.9,2020-06-22,6.26,",,W",,,0.39,",,W,2400",0.0,",,W,2400",0.0,",,W,2400",80.0,"H,,S",91.0,",,W",71.0,",,W",,,,,,,,,,,,,,,,,,,,,,,,,,,,,,,,,,
,USW00013881,"CHARLOTTE DOUGLAS AIRPORT, NC US",35.2236,-80.9552,221.9,2020-06-23,8.95,",,W",,,0.02,",,W,2400",0.0,",,W,2400",0.0,",,W,2400",75.0,"H,,S",82.0,",,W",69.0,",,W",,,,,,,,,,,,,,,,,,,,,,,,,,,,,,,,,,
,USW00013881,"CHARLOTTE DOUGLAS AIRPORT, NC US",35.2236,-80.9552,221.9,2020-06-24,5.14,",,W",,,0.0,"T,,W,2400",0.0,",,W,2400",0.0,",,W,2400",78.0,"H,,S",88.0,",,W",70.0,",,W",,,,,,,,,,,,,,,,,,,,,,,,,,,,,,,,,,
,USW00013881,"CHARLOTTE DOUGLAS AIRPORT, NC US",35.2236,-80.9552,221.9,2020-06-25,4.92,",,W",,,0.03,",,W,2400",0.0,",,W,2400",0.0,",,W,2400",75.0,"H,,S",87.0,",,W",70.0,",,W",,,,,,,,,,,,,,,,,,,,,,,,,,,,,,,,,,
,USW00013881,"CHARLOTTE DOUGLAS AIRPORT, NC US",35.2236,-80.9552,221.9,2020-06-26,5.37,",,W",,,0.0,",,W,2400",0.0,",,W,2400",0.0,",,W,2400",78.0,"H,,S",89.0,",,W",65.0,",,W",,,,,,,,,,,,,,,,,,,,,,,,,,,,,,,,,,
,USW00013881,"CHARLOTTE DOUGLAS AIRPORT, NC US",35.2236,-80.9552,221.9,2020-06-27,6.04,",,W",,,0.0,",,W,2400",0.0,",,W,2400",0.0,",,W,2400",77.0,"H,,S",87.0,",,W",66.0,",,W",,,,,,,,,,,,,,,,,,,,,,,,,,,,,,,,,,
,USW00013881,"CHARLOTTE DOUGLAS AIRPORT, NC US",35.2236,-80.9552,221.9,2020-06-28,5.59,",,W",,,0.33,",,W,2400",0.0,",,W,2400",0.0,",,W,2400",78.0,"H,,S",92.0,",,W",69.0,",,W",,,,,,,,,,,,,,,,,,,,,,,,,,,,,,,,,,
,USW00013881,"CHARLOTTE DOUGLAS AIRPORT, NC US",35.2236,-80.9552,221.9,2020-06-29,5.14,",,W",,,0.46,",,W,2400",0.0,",,W,2400",0.0,",,W,2400",79.0,"H,,S",91.0,",,W",72.0,",,W",,,,,,,,,,,,,,,,,,,,,,,,,,,,,,,,,,
,USW00013881,"CHARLOTTE DOUGLAS AIRPORT, NC US",35.2236,-80.9552,221.9,2020-06-30,3.58,",,W",,,0.06,",,W,2400",0.0,",,W,2400",0.0,",,W,2400",79.0,"H,,S",89.0,",,W",72.0,",,W",,,,,,,,,,,,,,,,,,,,,,,,,,,,,,,,,,
,USW00013881,"CHARLOTTE DOUGLAS AIRPORT, NC US",35.2236,-80.9552,221.9,2020-07-01,3.58,",,W",,,0.13,",,W,2400",0.0,",,W,2400",0.0,",,W,2400",77.0,"H,,S",89.0,",,W",72.0,",,W",,,,,,,,,,,,,,,,,,,,,,,,,,,,,,,,,,
,USW00013881,"CHARLOTTE DOUGLAS AIRPORT, NC US",35.2236,-80.9552,221.9,2020-07-02,6.93,",,W",,,0.0,",,W,2400",0.0,",,W,2400",0.0,",,W,2400",79.0,"H,,S",91.0,",,W",69.0,",,W",,,,,,,,,,,,,,,,,,,,,,,,,,,,,,,,,,
,USW00013881,"CHARLOTTE DOUGLAS AIRPORT, NC US",35.2236,-80.9552,221.9,2020-07-03,4.25,",,W",,,0.0,",,W,2400",0.0,",,W,2400",0.0,",,W,2400",82.0,"H,,S",93.0,",,W",68.0,",,W",,,,,,,,,,,,,,,,,,,,,,,,,,,,,,,,,,
,USW00013881,"CHARLOTTE DOUGLAS AIRPORT, NC US",35.2236,-80.9552,221.9,2020-07-04,3.8,",,W",,,0.0,"T,,W,2400",0.0,",,W,2400",0.0,",,W,2400",83.0,"H,,S",95.0,",,W",69.0,",,W",,,,,,,,,,,,,,,,,,,,,,,,,,,,,,,,,,
,USW00013881,"CHARLOTTE DOUGLAS AIRPORT, NC US",35.2236,-80.9552,221.9,2020-07-05,4.7,",,W",,,0.0,"T,,W,2400",0.0,",,W,2400",0.0,",,W,2400",81.0,"H,,S",90.0,",,W",73.0,",,W",,,,,,,,,,,,,,,,,,,,,,,,,,,,,,,,,,
,USW00013881,"CHARLOTTE DOUGLAS AIRPORT, NC US",35.2236,-80.9552,221.9,2020-07-06,5.14,",,W",,,0.03,",,W,2400",0.0,",,W,2400",0.0,",,W,2400",79.0,"H,,S",88.0,",,W",68.0,",,W",,,,,,,,,,,,,,,,,,,,,,,,,,,,,,,,,,
,USW00013881,"CHARLOTTE DOUGLAS AIRPORT, NC US",35.2236,-80.9552,221.9,2020-07-07,7.38,",,W",,,0.0,"T,,W,2400",0.0,",,W,2400",0.0,",,W,2400",78.0,"H,,S",84.0,",,W",73.0,",,W",,,,,,,,,,,,,,,,,,,,,,,,,,,,,,,,,,
,USW00013881,"CHARLOTTE DOUGLAS AIRPORT, NC US",35.2236,-80.9552,221.9,2020-07-08,8.5,",,W",,,0.03,",,W,2400",0.0,",,W,2400",0.0,",,W,2400",79.0,"H,,S",89.0,",,W",72.0,",,W",,,,,,,,,,,,,,,,,,,,,,,,,,,,,,,,,,
,USW00013881,"CHARLOTTE DOUGLAS AIRPORT, NC US",35.2236,-80.9552,221.9,2020-07-09,8.5,",,W",,,0.0,",,W,2400",0.0,",,W,2400",0.0,",,W,2400",79.0,"H,,S",89.0,",,W",73.0,",,W",,,,,,,,,,,,,,,,,,,,,,,,,,,,,,,,,,
,USW00013881,"CHARLOTTE DOUGLAS AIRPORT, NC US",35.2236,-80.9552,221.9,2020-07-10,3.8,",,W",,,0.02,",,W,2400",0.0,",,W,2400",0.0,",,W,2400",83.0,"H,,S",94.0,",,W",72.0,",,W",,,,,,,,,,,,,,,,,,,,,,,,,,,,,,,,,,
,USW00013881,"CHARLOTTE DOUGLAS AIRPORT, NC US",35.2236,-80.9552,221.9,2020-07-11,5.37,",,W",,,0.0,",,W,2400",0.0,",,W,2400",0.0,",,W,2400",80.0,"H,,S",93.0,",,W",70.0,",,W",,,,,,,,,,,,,,,,,,,,,,,,,,,,,,,,,,
,USW00013881,"CHARLOTTE DOUGLAS AIRPORT, NC US",35.2236,-80.9552,221.9,2020-07-12,4.03,",,W",,,0.0,",,W,2400",0.0,",,W,2400",0.0,",,W,2400",80.0,"H,,S",91.0,",,W",65.0,",,W",,,,,,,,,,,,,,,,,,,,,,,,,,,,,,,,,,
,USW00013881,"CHARLOTTE DOUGLAS AIRPORT, NC US",35.2236,-80.9552,221.9,2020-07-13,3.36,",,W",,,0.0,",,W,2400",0.0,",,W,2400",0.0,",,W,2400",83.0,"H,,S",94.0,",,W",69.0,",,W",,,,,,,,,,,,,,,,,,,,,,,,,,,,,,,,,,
,USW00013881,"CHARLOTTE DOUGLAS AIRPORT, NC US",35.2236,-80.9552,221.9,2020-07-14,5.82,",,W",,,0.0,",,W,2400",0.0,",,W,2400",0.0,",,W,2400",84.0,"H,,S",95.0,",,W",73.0,",,W",,,,,,,,,,,,,,,,,,,,,,,,,,,,,,,,,,
,USW00013881,"CHARLOTTE DOUGLAS AIRPORT, NC US",35.2236,-80.9552,221.9,2020-07-15,7.38,",,W",,,0.04,",,W,2400",0.0,",,W,2400",0.0,",,W,2400",85.0,"H,,S",94.0,",,W",73.0,",,W",,,,,,,,,,,,,,,,,,,,,,,,,,,,,,,,,,
,USW00013881,"CHARLOTTE DOUGLAS AIRPORT, NC US",35.2236,-80.9552,221.9,2020-07-16,7.61,",,W",,,0.0,"T,,W,2400",0.0,",,W,2400",0.0,",,W,2400",82.0,"H,,S",91.0,",,W",76.0,",,W",,,,,,,,,,,,,,,,,,,,,,,,,,,,,,,,,,
,USW00013881,"CHARLOTTE DOUGLAS AIRPORT, NC US",35.2236,-80.9552,221.9,2020-07-17,6.71,",,W",,,0.12,",,W,2400",0.0,",,W,2400",0.0,",,W,2400",83.0,"H,,S",96.0,",,W",72.0,",,W",,,,,,,,,,,,,,,,,,,,,,,,,,,,,,,,,,
,USW00013881,"CHARLOTTE DOUGLAS AIRPORT, NC US",35.2236,-80.9552,221.9,2020-07-18,4.25,",,W",,,0.21,",,W,2400",0.0,",,W,2400",0.0,",,W,2400",81.0,"H,,S",95.0,",,W",73.0,",,W",,,,,,,,,,,,,,,,,,,,,,,,,,,,,,,,,,
,USW00013881,"CHARLOTTE DOUGLAS AIRPORT, NC US",35.2236,-80.9552,221.9,2020-07-19,4.25,",,W",,,0.0,",,W,2400",0.0,",,W,2400",0.0,",,W,2400",81.0,"H,,S",96.0,",,W",72.0,",,W",,,,,,,,,,,,,,,,,,,,,,,,,,,,,,,,,,
,USW00013881,"CHARLOTTE DOUGLAS AIRPORT, NC US",35.2236,-80.9552,221.9,2020-07-20,3.8,",,W",,,0.0,"T,,W,2400",0.0,",,W,2400",0.0,",,W,2400",83.0,"H,,S",96.0,",,W",75.0,",,W",,,,,,,,,,,,,,,,,,,,,,,,,,,,,,,,,,
,USW00013881,"CHARLOTTE DOUGLAS AIRPORT, NC US",35.2236,-80.9552,221.9,2020-07-21,4.92,",,W",,,2.03,",,W,2400",0.0,",,W,2400",0.0,",,W,2400",81.0,"H,,S",96.0,",,W",71.0,",,W",,,,,,,,,,,,,,,,,,,,,,,,,,,,,,,,,,
,USW00013881,"CHARLOTTE DOUGLAS AIRPORT, NC US",35.2236,-80.9552,221.9,2020-07-22,5.14,",,W",,,0.0,",,W,2400",0.0,",,W,2400",0.0,",,W,2400",79.0,"H,,S",93.0,",,W",70.0,",,W",,,,,,,,,,,,,,,,,,,,,,,,,,,,,,,,,,
,USW00013881,"CHARLOTTE DOUGLAS AIRPORT, NC US",35.2236,-80.9552,221.9,2020-07-23,6.93,",,W",,,0.0,",,W,2400",0.0,",,W,2400",0.0,",,W,2400",83.0,"H,,S",94.0,",,W",75.0,",,W",,,,,,,,,,,,,,,,,,,,,,,,,,,,,,,,,,
,USW00013881,"CHARLOTTE DOUGLAS AIRPORT, NC US",35.2236,-80.9552,221.9,2020-07-24,4.92,",,W",,,0.03,",,W,2400",0.0,",,W,2400",0.0,",,W,2400",79.0,"H,,S",92.0,",,W",72.0,",,W",,,,,,,,,,,,,,,,,,,,,,,,,,,,,,,,,,
,USW00013881,"CHARLOTTE DOUGLAS AIRPORT, NC US",35.2236,-80.9552,221.9,2020-07-25,3.13,",,W",,,0.61,",,W,2400",0.0,",,W,2400",0.0,",,W,2400",78.0,"H,,S",94.0,",,W",69.0,",,W",,,,,,,,,,,,,,,,,,,,,,,,,,,,,,,,,,
,USW00013881,"CHARLOTTE DOUGLAS AIRPORT, NC US",35.2236,-80.9552,221.9,2020-07-26,4.03,",,W",,,0.0,",,W,2400",0.0,",,W,2400",0.0,",,W,2400",79.0,"H,,S",92.0,",,W",69.0,",,W",,,,,,,,,,,,,,,,,,,,,,,,,,,,,,,,,,
,USW00013881,"CHARLOTTE DOUGLAS AIRPORT, NC US",35.2236,-80.9552,221.9,2020-07-27,4.03,",,W",,,0.0,",,W,2400",0.0,",,W,2400",0.0,",,W,2400",83.0,"H,,S",94.0,",,W",73.0,",,W",,,,,,,,,,,,,,,,,,,,,,,,,,,,,,,,,,
,USW00013881,"CHARLOTTE DOUGLAS AIRPORT, NC US",35.2236,-80.9552,221.9,2020-07-28,3.8,",,W",,,0.0,"T,,W,2400",0.0,",,W,2400",0.0,",,W,2400",83.0,"H,,S",94.0,",,W",74.0,",,W",,,,,,,,,,,,,,,,,,,,,,,,,,,,,,,,,,
,USW00013881,"CHARLOTTE DOUGLAS AIRPORT, NC US",35.2236,-80.9552,221.9,2020-07-29,3.36,",,W",,,0.03,",,W,2400",0.0,",,W,2400",0.0,",,W,2400",82.0,"H,,S",91.0,",,W",72.0,",,W",,,,,,,,,,,,,,,,,,,,,,,,,,,,,,,,,,
,USW00013881,"CHARLOTTE DOUGLAS AIRPORT, NC US",35.2236,-80.9552,221.9,2020-07-30,6.26,",,W",,,0.01,",,W,2400",0.0,",,W,2400",0.0,",,W,2400",79.0,"H,,S",89.0,",,W",74.0,",,W",,,,,,,,,,,,,,,,,,,,,,,,,,,,,,,,,,
,USW00013881,"CHARLOTTE DOUGLAS AIRPORT, NC US",35.2236,-80.9552,221.9,2020-07-31,8.28,",,W",,,0.0,",,W,2400",0.0,",,W,2400",0.0,",,W,2400",83.0,"H,,S",94.0,",,W",75.0,",,W",,,,,,,,,,,,,,,,,,,,,,,,,,,,,,,,,,
,USW00013881,"CHARLOTTE DOUGLAS AIRPORT, NC US",35.2236,-80.9552,221.9,2020-08-01,6.93,",,W",,,0.0,",,W,2400",0.0,",,W,2400",0.0,",,W,2400",83.0,"H,,S",93.0,",,W",72.0,",,W",,,,,,,,,,,,,,,,,,,,,,,,,,,,,,,,,,
,USW00013881,"CHARLOTTE DOUGLAS AIRPORT, NC US",35.2236,-80.9552,221.9,2020-08-02,8.28,",,W",,,0.0,",,W,2400",0.0,",,W,2400",0.0,",,W,2400",84.0,"H,,S",94.0,",,W",75.0,",,W",,,,,,,,,,,,,,,,,,,,,,,,,,,,,,,,,,
,USW00013881,"CHARLOTTE DOUGLAS AIRPORT, NC US",35.2236,-80.9552,221.9,2020-08-03,7.38,",,W",,,0.21,",,W,2400",0.0,",,W,2400",0.0,",,W,2400",80.0,"H,,S",88.0,",,W",72.0,",,W",,,,,,,,,,,,,,,,,,,,,,,,,,,,,,,,,,
,USW00013881,"CHARLOTTE DOUGLAS AIRPORT, NC US",35.2236,-80.9552,221.9,2020-08-04,5.14,",,W",,,0.0,"T,,W,2400",0.0,",,W,2400",0.0,",,W,2400",77.0,"H,,S",88.0,",,W",69.0,",,W",,,,,,,,,,,,,,,,,,,,,,,,,,,,,,,,,,
,USW00013881,"CHARLOTTE DOUGLAS AIRPORT, NC US",35.2236,-80.9552,221.9,2020-08-05,5.82,",,W",,,0.0,",,W,2400",0.0,",,W,2400",0.0,",,W,2400",80.0,"H,,S",92.0,",,W",68.0,",,W",,,,,,,,,,,,,,,,,,,,,,,,,,,,,,,,,,
,USW00013881,"CHARLOTTE DOUGLAS AIRPORT, NC US",35.2236,-80.9552,221.9,2020-08-06,5.82,",,W",,,0.47,",,W,2400",0.0,",,W,2400",0.0,",,W,2400",81.0,"H,,S",92.0,",,W",69.0,",,W",,,,,,,,,,,,,,,,,,,,,,,,,,,,,,,,,,
,USW00013881,"CHARLOTTE DOUGLAS AIRPORT, NC US",35.2236,-80.9552,221.9,2020-08-07,3.8,",,W",,,0.0,",,W,2400",0.0,",,W,2400",0.0,",,W,2400",77.0,"H,,S",87.0,",,W",70.0,",,W",,,,,,,,,,,,,,,,,,,,,,,,,,,,,,,,,,
,USW00013881,"CHARLOTTE DOUGLAS AIRPORT, NC US",35.2236,-80.9552,221.9,2020-08-08,3.13,",,W",,,0.0,",,W,2400",0.0,",,W,2400",0.0,",,W,2400",79.0,"H,,S",91.0,",,W",71.0,",,W",,,,,,,,,,,,,,,,,,,,,,,,,,,,,,,,,,
,USW00013881,"CHARLOTTE DOUGLAS AIRPORT, NC US",35.2236,-80.9552,221.9,2020-08-09,4.7,",,W",,,0.0,",,W,2400",0.0,",,W,2400",0.0,",,W,2400",82.0,"H,,S",94.0,",,W",71.0,",,W",,,,,,,,,,,,,,,,,,,,,,,,,,,,,,,,,,
,USW00013881,"CHARLOTTE DOUGLAS AIRPORT, NC US",35.2236,-80.9552,221.9,2020-08-10,3.36,",,W",,,0.04,",,W,2400",0.0,",,W,2400",0.0,",,W,2400",80.0,"H,,S",94.0,",,W",68.0,",,W",,,,,,,,,,,,,,,,,,,,,,,,,,,,,,,,,,
,USW00013881,"CHARLOTTE DOUGLAS AIRPORT, NC US",35.2236,-80.9552,221.9,2020-08-11,3.13,",,W",,,0.0,",,W,2400",0.0,",,W,2400",0.0,",,W,2400",79.0,"H,,S",91.0,",,W",73.0,",,W",,,,,,,,,,,,,,,,,,,,,,,,,,,,,,,,,,
,USW00013881,"CHARLOTTE DOUGLAS AIRPORT, NC US",35.2236,-80.9552,221.9,2020-08-12,4.7,",,W",,,0.02,",,W,2400",0.0,",,W,2400",0.0,",,W,2400",81.0,"H,,S",91.0,",,W",74.0,",,W",,,,,,,,,,,,,,,,,,,,,,,,,,,,,,,,,,
,USW00013881,"CHARLOTTE DOUGLAS AIRPORT, NC US",35.2236,-80.9552,221.9,2020-08-13,6.04,",,W",,,0.14,",,W,2400",0.0,",,W,2400",0.0,",,W,2400",78.0,"H,,S",88.0,",,W",72.0,",,W",,,,,,,,,,,,,,,,,,,,,,,,,,,,,,,,,,
,USW00013881,"CHARLOTTE DOUGLAS AIRPORT, NC US",35.2236,-80.9552,221.9,2020-08-14,4.7,",,W",,,0.25,",,W,2400",0.0,",,W,2400",0.0,",,W,2400",78.0,"H,,S",90.0,",,W",72.0,",,W",,,,,,,,,,,,,,,,,,,,,,,,,,,,,,,,,,
,USW00013881,"CHARLOTTE DOUGLAS AIRPORT, NC US",35.2236,-80.9552,221.9,2020-08-15,5.14,",,W",,,0.97,",,W,2400",0.0,",,W,2400",0.0,",,W,2400",78.0,"H,,S",86.0,",,W",69.0,",,W",,,,,,,,,,,,,,,,,,,,,,,,,,,,,,,,,,
,USW00013881,"CHARLOTTE DOUGLAS AIRPORT, NC US",35.2236,-80.9552,221.9,2020-08-16,6.93,",,W",,,0.01,",,W,2400",0.0,",,W,2400",0.0,",,W,2400",73.0,"H,,S",85.0,",,W",66.0,",,W",,,,,,,,,,,,,,,,,,,,,,,,,,,,,,,,,,
,USW00013881,"CHARLOTTE DOUGLAS AIRPORT, NC US",35.2236,-80.9552,221.9,2020-08-17,4.25,",,W",,,0.16,",,W,2400",0.0,",,W,2400",0.0,",,W,2400",76.0,"H,,S",88.0,",,W",68.0,",,W",,,,,,,,,,,,,,,,,,,,,,,,,,,,,,,,,,
,USW00013881,"CHARLOTTE DOUGLAS AIRPORT, NC US",35.2236,-80.9552,221.9,2020-08-18,4.03,",,W",,,0.0,",,W,2400",0.0,",,W,2400",0.0,",,W,2400",77.0,"H,,S",89.0,",,W",63.0,",,W",,,,,,,,,,,,,,,,,,,,,,,,,,,,,,,,,,
,USW00013881,"CHARLOTTE DOUGLAS AIRPORT, NC US",35.2236,-80.9552,221.9,2020-08-19,4.03,",,W",,,0.09,",,W,2400",0.0,",,W,2400",0.0,",,W,2400",77.0,"H,,S",89.0,",,W",67.0,",,W",,,,,,,,,,,,,,,,,,,,,,,,,,,,,,,,,,
,USW00013881,"CHARLOTTE DOUGLAS AIRPORT, NC US",35.2236,-80.9552,221.9,2020-08-20,7.16,",,W",,,0.0,",,W,2400",0.0,",,W,2400",0.0,",,W,2400",76.0,"H,,S",85.0,",,W",69.0,",,W",,,,,,,,,,,,,,,,,,,,,,,,,,,,,,,,,,
,USW00013881,"CHARLOTTE DOUGLAS AIRPORT, NC US",35.2236,-80.9552,221.9,2020-08-21,6.93,",,W",,,0.48,",,W,2400",0.0,",,W,2400",0.0,",,W,2400",76.0,"H,,S",79.0,",,W",72.0,",,W",,,,,,,,,,,,,,,,,,,,,,,,,,,,,,,,,,
,USW00013881,"CHARLOTTE DOUGLAS AIRPORT, NC US",35.2236,-80.9552,221.9,2020-08-22,5.37,",,W",,,0.0,",,W,2400",0.0,",,W,2400",0.0,",,W,2400",76.0,"H,,S",86.0,",,W",70.0,",,W",,,,,,,,,,,,,,,,,,,,,,,,,,,,,,,,,,
,USW00013881,"CHARLOTTE DOUGLAS AIRPORT, NC US",35.2236,-80.9552,221.9,2020-08-23,5.59,",,W",,,0.07,",,W,2400",0.0,",,W,2400",0.0,",,W,2400",77.0,"H,,S",87.0,",,W",72.0,",,W",,,,,,,,,,,,,,,,,,,,,,,,,,,,,,,,,,
,USW00013881,"CHARLOTTE DOUGLAS AIRPORT, NC US",35.2236,-80.9552,221.9,2020-08-24,4.25,",,W",,,0.07,",,W,2400",0.0,",,W,2400",0.0,",,W,2400",76.0,"H,,S",85.0,",,W",72.0,",,W",,,,,,,,,,,,,,,,,,,,,,,,,,,,,,,,,,
,USW00013881,"CHARLOTTE DOUGLAS AIRPORT, NC US",35.2236,-80.9552,221.9,2020-08-25,5.37,",,W",,,0.02,",,W,2400",0.0,",,W,2400",0.0,",,W,2400",77.0,"H,,S",84.0,",,W",73.0,",,W",,,,,,,,,,,,,,,,,,,,,,,,,,,,,,,,,,
,USW00013881,"CHARLOTTE DOUGLAS AIRPORT, NC US",35.2236,-80.9552,221.9,2020-08-26,2.91,",,W",,,0.0,",,W,2400",0.0,",,W,2400",0.0,",,W,2400",81.0,"H,,S",93.0,",,W",69.0,",,W",,,,,,,,,,,,,,,,,,,,,,,,,,,,,,,,,,
,USW00013881,"CHARLOTTE DOUGLAS AIRPORT, NC US",35.2236,-80.9552,221.9,2020-08-27,4.7,",,W",,,0.0,",,W,2400",0.0,",,W,2400",0.0,",,W,2400",81.0,"H,,S",91.0,",,W",73.0,",,W",,,,,,,,,,,,,,,,,,,,,,,,,,,,,,,,,,
,USW00013881,"CHARLOTTE DOUGLAS AIRPORT, NC US",35.2236,-80.9552,221.9,2020-08-28,7.61,",,W",,,0.01,",,W,2400",0.0,",,W,2400",0.0,",,W,2400",82.0,"H,,S",92.0,",,W",75.0,",,W",,,,,,,,,,,,,,,,,,,,,,,,,,,,,,,,,,
,USW00013881,"CHARLOTTE DOUGLAS AIRPORT, NC US",35.2236,-80.9552,221.9,2020-08-29,8.5,",,W",,,0.15,",,W,2400",0.0,",,W,2400",0.0,",,W,2400",81.0,"H,,S",90.0,",,W",73.0,",,W",,,,,,,,,,,,,,,,,,,,,,,,,,,,,,,,,,
,USW00013881,"CHARLOTTE DOUGLAS AIRPORT, NC US",35.2236,-80.9552,221.9,2020-08-30,5.14,",,W",,,0.0,",,W,2400",0.0,",,W,2400",0.0,",,W,2400",81.0,"H,,S",91.0,",,W",70.0,",,W",,,,,,,,,,,,,,,,,,,,,,,,,,,,,,,,,,
,USW00013881,"CHARLOTTE DOUGLAS AIRPORT, NC US",35.2236,-80.9552,221.9,2020-08-31,5.82,",,W",,,0.94,",,W,2400",0.0,",,W,2400",0.0,",,W,2400",79.0,"H,,S",85.0,",,W",73.0,",,W",,,,,,,,,,,,,,,,,,,,,,,,,,,,,,,,,,
,USW00013881,"CHARLOTTE DOUGLAS AIRPORT, NC US",35.2236,-80.9552,221.9,2020-09-01,5.59,",,W",,,0.23,",,W,2400",0.0,",,W,2400",0.0,",,W,2400",80.0,"H,,S",89.0,",,W",72.0,",,W",,,,,,,,,,,,,,,,,,,,,,,,,,,,,,,,,,
,USW00013881,"CHARLOTTE DOUGLAS AIRPORT, NC US",35.2236,-80.9552,221.9,2020-09-02,4.92,",,W",,,0.5,",,W,2400",0.0,",,W,2400",0.0,",,W,2400",81.0,"H,,S",93.0,",,W",71.0,",,W",,,,,,,,,,,,,,,,,,,,,,,,,,,,,,,,,,
,USW00013881,"CHARLOTTE DOUGLAS AIRPORT, NC US",35.2236,-80.9552,221.9,2020-09-03,5.59,",,W",,,0.0,",,W,2400",0.0,",,W,2400",0.0,",,W,2400",83.0,"H,,S",93.0,",,W",73.0,",,W",,,,,,,,,,,,,,,,,,,,,,,,,,,,,,,,,,
,USW00013881,"CHARLOTTE DOUGLAS AIRPORT, NC US",35.2236,-80.9552,221.9,2020-09-04,3.8,",,W",,,0.0,",,W,2400",0.0,",,W,2400",0.0,",,W,2400",83.0,"H,,S",92.0,",,W",72.0,",,W",,,,,,,,,,,,,,,,,,,,,,,,,,,,,,,,,,
,USW00013881,"CHARLOTTE DOUGLAS AIRPORT, NC US",35.2236,-80.9552,221.9,2020-09-05,10.51,",,W",,,0.0,",,W,2400",0.0,",,W,2400",0.0,",,W,2400",78.0,"H,,S",83.0,",,W",65.0,",,W",,,,,,,,,,,,,,,,,,,,,,,,,,,,,,,,,,
,USW00013881,"CHARLOTTE DOUGLAS AIRPORT, NC US",35.2236,-80.9552,221.9,2020-09-06,5.82,",,W",,,0.0,",,W,2400",0.0,",,W,2400",0.0,",,W,2400",72.0,"H,,S",84.0,",,W",59.0,",,W",,,,,,,,,,,,,,,,,,,,,,,,,,,,,,,,,,
,USW00013881,"CHARLOTTE DOUGLAS AIRPORT, NC US",35.2236,-80.9552,221.9,2020-09-07,4.03,",,W",,,0.0,",,W,2400",0.0,",,W,2400",0.0,",,W,2400",72.0,"H,,S",86.0,",,W",58.0,",,W",,,,,,,,,,,,,,,,,,,,,,,,,,,,,,,,,,
,USW00013881,"CHARLOTTE DOUGLAS AIRPORT, NC US",35.2236,-80.9552,221.9,2020-09-08,7.38,",,W",,,0.0,"T,,W,2400",0.0,",,W,2400",0.0,",,W,2400",74.0,"H,,S",85.0,",,W",61.0,",,W",,,,,,,,,,,,,,,,,,,,,,,,,,,,,,,,,,
,USW00013881,"CHARLOTTE DOUGLAS AIRPORT, NC US",35.2236,-80.9552,221.9,2020-09-09,8.28,",,W",,,0.1,",,W,2400",0.0,",,W,2400",0.0,",,W,2400",76.0,"H,,S",81.0,",,W",72.0,",,W",,,,,,,,,,,,,,,,,,,,,,,,,,,,,,,,,,
,USW00013881,"CHARLOTTE DOUGLAS AIRPORT, NC US",35.2236,-80.9552,221.9,2020-09-10,4.92,",,W",,,0.0,"T,,W,2400",0.0,",,W,2400",0.0,",,W,2400",77.0,"H,,S",86.0,",,W",73.0,",,W",,,,,,,,,,,,,,,,,,,,,,,,,,,,,,,,,,
,USW00013881,"CHARLOTTE DOUGLAS AIRPORT, NC US",35.2236,-80.9552,221.9,2020-09-11,6.26,",,W",,,0.0,",,W,2400",0.0,",,W,2400",0.0,",,W,2400",80.0,"H,,S",91.0,",,W",71.0,",,W",,,,,,,,,,,,,,,,,,,,,,,,,,,,,,,,,,
,USW00013881,"CHARLOTTE DOUGLAS AIRPORT, NC US",35.2236,-80.9552,221.9,2020-09-12,10.07,",,W",,,0.0,"T,,W,2400",0.0,",,W,2400",0.0,",,W,2400",78.0,"H,,S",82.0,",,W",74.0,",,W",,,,,,,,,,,,,,,,,,,,,,,,,,,,,,,,,,
,USW00013881,"CHARLOTTE DOUGLAS AIRPORT, NC US",35.2236,-80.9552,221.9,2020-09-13,6.49,",,W",,,0.0,",,W,2400",0.0,",,W,2400",0.0,",,W,2400",76.0,"H,,S",86.0,",,W",70.0,",,W",,,,,,,,,,,,,,,,,,,,,,,,,,,,,,,,,,
,USW00013881,"CHARLOTTE DOUGLAS AIRPORT, NC US",35.2236,-80.9552,221.9,2020-09-14,7.83,",,W",,,0.0,",,W,2400",0.0,",,W,2400",0.0,",,W,2400",77.0,"H,,S",88.0,",,W",67.0,",,W",,,,,,,,,,,,,,,,,,,,,,,,,,,,,,,,,,
,USW00013881,"CHARLOTTE DOUGLAS AIRPORT, NC US",35.2236,-80.9552,221.9,2020-09-15,10.07,",,W",,,0.0,",,W,2400",0.0,",,W,2400",0.0,",,W,2400",73.0,"H,,S",79.0,",,W",64.0,",,W",,,,,,,,,,,,,,,,,,,,,,,,,,,,,,,,,,
,USW00013881,"CHARLOTTE DOUGLAS AIRPORT, NC US",35.2236,-80.9552,221.9,2020-09-16,8.5,",,W",,,0.02,",,W,2400",0.0,",,W,2400",0.0,",,W,2400",68.0,"H,,S",78.0,",,W",57.0,",,W",,,,,,,,,,,,,,,,,,,,,,,,,,,,,,,,,,
,USW00013881,"CHARLOTTE DOUGLAS AIRPORT, NC US",35.2236,-80.9552,221.9,2020-09-17,10.51,",,W",,,1.86,",,W,2400",0.0,",,W,2400",0.0,",,W,2400",69.0,"H,,S",72.0,",,W",67.0,",,W",,,,,,,,,,,,,,,,,,,,,,,,,,,,,,,,,,
,USW00013881,"CHARLOTTE DOUGLAS AIRPORT, NC US",35.2236,-80.9552,221.9,2020-09-18,11.63,",,W",,,0.0,"T,,W,2400",0.0,",,W,2400",0.0,",,W,2400",71.0,"H,,S",81.0,",,W",67.0,",,W",,,,,,,,,,,,,,,,,,,,,,,,,,,,,,,,,,
,USW00013881,"CHARLOTTE DOUGLAS AIRPORT, NC US",35.2236,-80.9552,221.9,2020-09-19,10.51,",,W",,,0.0,",,W,2400",0.0,",,W,2400",0.0,",,W,2400",66.0,"H,,S",68.0,",,W",54.0,",,W",,,,,,,,,,,,,,,,,,,,,,,,,,,,,,,,,,
,USW00013881,"CHARLOTTE DOUGLAS AIRPORT, NC US",35.2236,-80.9552,221.9,2020-09-20,10.51,",,W",,,0.0,",,W,2400",0.0,",,W,2400",0.0,",,W,2400",59.0,"H,,S",71.0,",,W",47.0,",,W",,,,,,,,,,,,,,,,,,,,,,,,,,,,,,,,,,
,USW00013881,"CHARLOTTE DOUGLAS AIRPORT, NC US",35.2236,-80.9552,221.9,2020-09-21,9.62,",,W",,,0.0,",,W,2400",0.0,",,W,2400",0.0,",,W,2400",59.0,"H,,S",71.0,",,W",47.0,",,W",,,,,,,,,,,,,,,,,,,,,,,,,,,,,,,,,,
,USW00013881,"CHARLOTTE DOUGLAS AIRPORT, NC US",35.2236,-80.9552,221.9,2020-09-22,3.13,",,W",,,0.0,",,W,2400",0.0,",,W,2400",0.0,",,W,2400",59.0,"H,,S",73.0,",,W",43.0,",,W",,,,,,,,,,,,,,,,,,,,,,,,,,,,,,,,,,
,USW00013881,"CHARLOTTE DOUGLAS AIRPORT, NC US",35.2236,-80.9552,221.9,2020-09-23,2.91,",,W",,,0.0,",,W,2400",0.0,",,W,2400",0.0,",,W,2400",63.0,"H,,S",78.0,",,W",49.0,",,W",,,,,,,,,,,,,,,,,,,,,,,,,,,,,,,,,,
,USW00013881,"CHARLOTTE DOUGLAS AIRPORT, NC US",35.2236,-80.9552,221.9,2020-09-24,3.8,",,W",,,0.2,",,W,2400",0.0,",,W,2400",0.0,",,W,2400",66.0,"H,,S",73.0,",,W",61.0,",,W",,,,,,,,,,,,,,,,,,,,,,,,,,,,,,,,,,
,USW00013881,"CHARLOTTE DOUGLAS AIRPORT, NC US",35.2236,-80.9552,221.9,2020-09-25,7.83,",,W",,,1.26,",,W,2400",0.0,",,W,2400",0.0,",,W,2400",64.0,"H,,S",68.0,",,W",61.0,",,W",,,,,,,,,,,,,,,,,,,,,,,,,,,,,,,,,,
,USW00013881,"CHARLOTTE DOUGLAS AIRPORT, NC US",35.2236,-80.9552,221.9,2020-09-26,4.03,",,W",,,0.0,",,W,2400",0.0,",,W,2400",0.0,",,W,2400",67.0,"H,,S",75.0,",,W",59.0,",,W",,,,,,,,,,,,,,,,,,,,,,,,,,,,,,,,,,
,USW00013881,"CHARLOTTE DOUGLAS AIRPORT, NC US",35.2236,-80.9552,221.9,2020-09-27,3.58,",,W",,,0.0,",,W,2400",0.0,",,W,2400",0.0,",,W,2400",67.0,"H,,S",77.0,",,W",58.0,",,W",,,,,,,,,,,,,,,,,,,,,,,,,,,,,,,,,,
,USW00013881,"CHARLOTTE DOUGLAS AIRPORT, NC US",35.2236,-80.9552,221.9,2020-09-28,9.4,",,W",,,0.0,",,W,2400",0.0,",,W,2400",0.0,",,W,2400",72.0,"H,,S",82.0,",,W",67.0,",,W",,,,,,,,,,,,,,,,,,,,,,,,,,,,,,,,,,
,USW00013881,"CHARLOTTE DOUGLAS AIRPORT, NC US",35.2236,-80.9552,221.9,2020-09-29,8.28,",,W",,,0.29,",,W,2400",0.0,",,W,2400",0.0,",,W,2400",71.0,"H,,S",82.0,",,W",58.0,",,W",,,,,,,,,,,,,,,,,,,,,,,,,,,,,,,,,,
,USW00013881,"CHARLOTTE DOUGLAS AIRPORT, NC US",35.2236,-80.9552,221.9,2020-09-30,4.47,",,W",,,0.0,",,W,2400",0.0,",,W,2400",0.0,",,W,2400",62.0,"H,,S",73.0,",,W",49.0,",,W",,,,,,,,,,,,,,,,,,,,,,,,,,,,,,,,,,
,USW00013881,"CHARLOTTE DOUGLAS AIRPORT, NC US",35.2236,-80.9552,221.9,2020-10-01,4.7,",,W",,,0.0,",,D,2400",0.0,",,D,2400",0.0,",,D,2400",64.0,"H,,S",80.0,",,D",50.0,",,D",,,,,,,,,,,,,,,,,,,,,,,,,,,,,,,,,,
,USW00013881,"CHARLOTTE DOUGLAS AIRPORT, NC US",35.2236,-80.9552,221.9,2020-10-02,7.61,",,W",,,0.0,",,D,2400",0.0,",,D,2400",0.0,",,D,2400",64.0,"H,,S",71.0,",,D",48.0,",,D",,,,,,,,,,,,,,,,,,,,,,,,,,,,,,,,,,
,USW00013881,"CHARLOTTE DOUGLAS AIRPORT, NC US",35.2236,-80.9552,221.9,2020-10-03,6.71,",,W",,,0.0,",,D,2400",0.0,",,D,2400",0.0,",,D,2400",58.0,"H,,S",71.0,",,D",47.0,",,D",,,,,,,,,,,,,,,,,,,,,,,,,,,,,,,,,,
,USW00013881,"CHARLOTTE DOUGLAS AIRPORT, NC US",35.2236,-80.9552,221.9,2020-10-04,4.25,",,W",,,0.0,",,D,2400",0.0,",,D,2400",0.0,",,D,2400",60.0,"H,,S",71.0,",,D",47.0,",,D",,,,,,,,,,,,,,,,,,,,,,,,,,,,,,,,,,
,USW00013881,"CHARLOTTE DOUGLAS AIRPORT, NC US",35.2236,-80.9552,221.9,2020-10-05,3.13,",,W",,,0.0,",,D,2400",0.0,",,D,2400",0.0,",,D,2400",61.0,"H,,S",76.0,",,D",47.0,",,D",,,,,,,,,,,,,,,,,,,,,,,,,,,,,,,,,,
,USW00013881,"CHARLOTTE DOUGLAS AIRPORT, NC US",35.2236,-80.9552,221.9,2020-10-06,2.91,",,W",,,0.0,",,D,2400",0.0,",,D,2400",0.0,",,D,2400",64.0,"H,,S",78.0,",,D",50.0,",,D",,,,,,,,,,,,,,,,,,,,,,,,,,,,,,,,,,
,USW00013881,"CHARLOTTE DOUGLAS AIRPORT, NC US",35.2236,-80.9552,221.9,2020-10-07,2.91,",,W",,,0.0,",,D,2400",0.0,",,D,2400",0.0,",,D,2400",67.0,"H,,S",82.0,",,D",53.0,",,D",,,,,,,,,,,,,,,,,,,,,,,,,,,,,,,,,,
,USW00013881,"CHARLOTTE DOUGLAS AIRPORT, NC US",35.2236,-80.9552,221.9,2020-10-08,2.01,",,W",,,0.0,",,W,2400",0.0,",,W,2400",0.0,",,W,2400",69.0,"H,,S",86.0,",,W",54.0,",,W",,,,,,,,,,,,,,,,,,,,,,,,,,,,,,,,,,
,USW00013881,"CHARLOTTE DOUGLAS AIRPORT, NC US",35.2236,-80.9552,221.9,2020-10-09,6.93,",,W",,,0.01,",,W,2400",0.0,",,W,2400",0.0,",,W,2400",67.0,"H,,S",71.0,",,W",59.0,",,W",,,,,,,,,,,,,,,,,,,,,,,,,,,,,,,,,,
,USW00013881,"CHARLOTTE DOUGLAS AIRPORT, NC US",35.2236,-80.9552,221.9,2020-10-10,5.82,",,W",,,1.37,",,W,2400",0.0,",,W,2400",0.0,",,W,2400",68.0,"H,,S",75.0,",,W",65.0,",,W",,,,,,,,,,,,,,,,,,,,,,,,,,,,,,,,,,
,USW00013881,"CHARLOTTE DOUGLAS AIRPORT, NC US",35.2236,-80.9552,221.9,2020-10-11,8.72,",,W",,,2.91,",,W,2400",0.0,",,W,2400",0.0,",,W,2400",71.0,"H,,S",80.0,",,W",68.0,",,W",,,,,,,,,,,,,,,,,,,,,,,,,,,,,,,,,,
,USW00013881,"CHARLOTTE DOUGLAS AIRPORT, NC US",35.2236,-80.9552,221.9,2020-10-12,3.8,",,W",,,0.06,",,W,2400",0.0,",,W,2400",0.0,",,W,2400",69.0,"H,,S",73.0,",,W",63.0,",,W",,,,,,,,,,,,,,,,,,,,,,,,,,,,,,,,,,
,USW00013881,"CHARLOTTE DOUGLAS AIRPORT, NC US",35.2236,-80.9552,221.9,2020-10-13,3.13,",,W",,,0.0,",,W,2400",0.0,",,W,2400",0.0,",,W,2400",70.0,"H,,S",83.0,",,W",57.0,",,W",,,,,,,,,,,,,,,,,,,,,,,,,,,,,,,,,,
,USW00013881,"CHARLOTTE DOUGLAS AIRPORT, NC US",35.2236,-80.9552,221.9,2020-10-14,3.8,",,W",,,0.0,",,W,2400",0.0,",,W,2400",0.0,",,W,2400",64.0,"H,,S",78.0,",,W",49.0,",,W",,,,,,,,,,,,,,,,,,,,,,,,,,,,,,,,,,
,USW00013881,"CHARLOTTE DOUGLAS AIRPORT, NC US",35.2236,-80.9552,221.9,2020-10-15,5.37,",,W",,,0.01,",,W,2400",0.0,",,W,2400",0.0,",,W,2400",67.0,"H,,S",78.0,",,W",56.0,",,W",,,,,,,,,,,,,,,,,,,,,,,,,,,,,,,,,,
,USW00013881,"CHARLOTTE DOUGLAS AIRPORT, NC US",35.2236,-80.9552,221.9,2020-10-16,7.61,",,W",,,0.0,",,W,2400",0.0,",,W,2400",0.0,",,W,2400",68.0,"H,,S",73.0,",,W",55.0,",,W",,,,,,,,,,,,,,,,,,,,,,,,,,,,,,,,,,
,USW00013881,"CHARLOTTE DOUGLAS AIRPORT, NC US",35.2236,-80.9552,221.9,2020-10-17,7.83,",,W",,,0.0,",,W,2400",0.0,",,W,2400",0.0,",,W,2400",56.0,"H,,S",66.0,",,W",43.0,",,W",,,,,,,,,,,,,,,,,,,,,,,,,,,,,,,,,,
,USW00013881,"CHARLOTTE DOUGLAS AIRPORT, NC US",35.2236,-80.9552,221.9,2020-10-18,4.92,",,W",,,0.0,",,W,2400",0.0,",,W,2400",0.0,",,W,2400",56.0,"H,,S",69.0,",,W",42.0,",,W",,,,,,,,,,,,,,,,,,,,,,,,,,,,,,,,,,
,USW00013881,"CHARLOTTE DOUGLAS AIRPORT, NC US",35.2236,-80.9552,221.9,2020-10-19,3.58,",,W",,,0.0,",,W,2400",0.0,",,W,2400",0.0,",,W,2400",58.0,"H,,S",75.0,",,W",44.0,",,W",,,,,,,,,,,,,,,,,,,,,,,,,,,,,,,,,,
,USW00013881,"CHARLOTTE DOUGLAS AIRPORT, NC US",35.2236,-80.9552,221.9,2020-10-20,2.91,",,W",,,0.0,",,W,2400",0.0,",,W,2400",0.0,",,W,2400",62.0,"H,,S",79.0,",,W",49.0,",,W",,,,,,,,,,,,,,,,,,,,,,,,,,,,,,,,,,
,USW00013881,"CHARLOTTE DOUGLAS AIRPORT, NC US",35.2236,-80.9552,221.9,2020-10-21,4.47,",,W",,,0.0,",,D,2400",0.0,",,D,2400",0.0,",,D,2400",71.0,"H,,S",84.0,",,D",63.0,",,D",,,,,,,,,,,,,,,,,,,,,,,,,,,,,,,,,,
,USW00013881,"CHARLOTTE DOUGLAS AIRPORT, NC US",35.2236,-80.9552,221.9,2020-10-22,4.03,",,W",,,0.0,",,D,2400",0.0,",,D,2400",0.0,",,D,2400",71.0,"H,,S",83.0,",,D",57.0,",,D",,,,,,,,,,,,,,,,,,,,,,,,,,,,,,,,,,
,USW00013881,"CHARLOTTE DOUGLAS AIRPORT, NC US",35.2236,-80.9552,221.9,2020-10-23,2.91,",,W",,,0.0,",,D,2400",0.0,",,D,2400",0.0,",,D,2400",72.0,"H,,S",81.0,",,D",60.0,",,D",,,,,,,,,,,,,,,,,,,,,,,,,,,,,,,,,,
,USW00013881,"CHARLOTTE DOUGLAS AIRPORT, NC US",35.2236,-80.9552,221.9,2020-10-24,4.92,",,W",,,0.0,",,D,2400",0.0,",,D,2400",0.0,",,D,2400",70.0,"H,,S",83.0,",,D",58.0,",,D",,,,,,,,,,,,,,,,,,,,,,,,,,,,,,,,,,
,USW00013881,"CHARLOTTE DOUGLAS AIRPORT, NC US",35.2236,-80.9552,221.9,2020-10-25,6.71,",,W",,,0.38,",,D,2400",0.0,",,D,2400",0.0,",,D,2400",67.0,"H,,S",70.0,",,D",53.0,",,D",,,,,,,,,,,,,,,,,,,,,,,,,,,,,,,,,,
,USW00013881,"CHARLOTTE DOUGLAS AIRPORT, NC US",35.2236,-80.9552,221.9,2020-10-26,4.47,",,W",,,0.0,",,D,2400",0.0,",,D,2400",0.0,",,D,2400",59.0,"H,,S",73.0,",,D",53.0,",,D",,,,,,,,,,,,,,,,,,,,,,,,,,,,,,,,,,
,USW00013881,"CHARLOTTE DOUGLAS AIRPORT, NC US",35.2236,-80.9552,221.9,2020-10-27,3.36,",,W",,,0.0,",,D,2400",0.0,",,D,2400",0.0,",,D,2400",64.0,"H,,S",77.0,",,D",55.0,",,D",,,,,,,,,,,,,,,,,,,,,,,,,,,,,,,,,,
,USW00013881,"CHARLOTTE DOUGLAS AIRPORT, NC US",35.2236,-80.9552,221.9,2020-10-28,4.03,",,W",,,0.34,",,W,2400",0.0,",,W,2400",0.0,",,W,2400",66.0,"H,,S",72.0,",,W",61.0,",,W",,,,,,,,,,,,,,,,,,,,,,,,,,,,,,,,,,
,USW00013881,"CHARLOTTE DOUGLAS AIRPORT, NC US",35.2236,-80.9552,221.9,2020-10-29,16.33,",,W",,,1.48,",,W,2400",0.0,",,W,2400",0.0,",,W,2400",74.0,"H,,S",83.0,",,W",66.0,",,W",,,,,,,,,,,,,,,,,,,,,,,,,,,,,,,,,,
,USW00013881,"CHARLOTTE DOUGLAS AIRPORT, NC US",35.2236,-80.9552,221.9,2020-10-30,10.07,",,W",,,0.0,",,W,2400",0.0,",,W,2400",0.0,",,W,2400",65.0,"H,,S",68.0,",,W",47.0,",,W",,,,,,,,,,,,,,,,,,,,,,,,,,,,,,,,,,
,USW00013881,"CHARLOTTE DOUGLAS AIRPORT, NC US",35.2236,-80.9552,221.9,2020-10-31,6.93,",,W",,,0.0,"T,,W,2400",0.0,",,W,2400",0.0,",,W,2400",52.0,"H,,S",61.0,",,W",41.0,",,W",,,,,,,,,,,,,,,,,,,,,,,,,,,,,,,,,,
,USW00013881,"CHARLOTTE DOUGLAS AIRPORT, NC US",35.2236,-80.9552,221.9,2020-11-01,6.93,",,W",,,0.4,",,W,2400",0.0,",,W,2400",0.0,",,W,2400",56.0,"H,,S",65.0,",,W",49.0,",,W",,,,,,,,,,,,,,,,,,,,,,,,,,,,,,,,,,
,USW00013881,"CHARLOTTE DOUGLAS AIRPORT, NC US",35.2236,-80.9552,221.9,2020-11-02,5.37,",,W",,,0.0,",,W,2400",0.0,",,W,2400",0.0,",,W,2400",49.0,"H,,S",57.0,",,W",33.0,",,W",,,,,,,,,,,,,,,,,,,,,,,,,,,,,,,,,,
,USW00013881,"CHARLOTTE DOUGLAS AIRPORT, NC US",35.2236,-80.9552,221.9,2020-11-03,2.46,",,W",,,0.0,",,W,2400",0.0,",,W,2400",0.0,",,W,2400",48.0,"H,,S",67.0,",,W",31.0,",,W",,,,,,,,,,,,,,,,,,,,,,,,,,,,,,,,,,
,USW00013881,"CHARLOTTE DOUGLAS AIRPORT, NC US",35.2236,-80.9552,221.9,2020-11-04,2.01,",,W",,,0.0,",,W,2400",0.0,",,W,2400",0.0,",,W,2400",52.0,"H,,S",69.0,",,W",36.0,",,W",,,,,,,,,,,,,,,,,,,,,,,,,,,,,,,,,,
,USW00013881,"CHARLOTTE DOUGLAS AIRPORT, NC US",35.2236,-80.9552,221.9,2020-11-05,2.46,",,W",,,0.0,",,W,2400",0.0,",,W,2400",0.0,",,W,2400",54.0,"H,,S",72.0,",,W",36.0,",,W",,,,,,,,,,,,,,,,,,,,,,,,,,,,,,,,,,
,USW00013881,"CHARLOTTE DOUGLAS AIRPORT, NC US",35.2236,-80.9552,221.9,2020-11-06,5.14,",,W",,,0.0,",,D,2400",0.0,",,D,2400",0.0,",,D,2400",61.0,"H,,S",76.0,",,D",50.0,",,D",,,,,,,,,,,,,,,,,,,,,,,,,,,,,,,,,,
,USW00013881,"CHARLOTTE DOUGLAS AIRPORT, NC US",35.2236,-80.9552,221.9,2020-11-07,5.59,",,W",,,0.0,",,D,2400",0.0,",,D,2400",0.0,",,D,2400",66.0,"H,,S",79.0,",,D",55.0,",,D",,,,,,,,,,,,,,,,,,,,,,,,,,,,,,,,,,
,USW00013881,"CHARLOTTE DOUGLAS AIRPORT, NC US",35.2236,-80.9552,221.9,2020-11-08,7.38,",,W",,,0.0,",,D,2400",0.0,",,D,2400",0.0,",,D,2400",67.0,"H,,S",79.0,",,D",55.0,",,D",,,,,,,,,,,,,,,,,,,,,,,,,,,,,,,,,,
,USW00013881,"CHARLOTTE DOUGLAS AIRPORT, NC US",35.2236,-80.9552,221.9,2020-11-09,8.05,",,W",,,0.0,"T,,D,2400",0.0,",,D,2400",0.0,",,D,2400",67.0,"H,,S",76.0,",,D",58.0,",,D",,,,,,,,,,,,,,,,,,,,,,,,,,,,,,,,,,
,USW00013881,"CHARLOTTE DOUGLAS AIRPORT, NC US",35.2236,-80.9552,221.9,2020-11-10,6.71,",,W",,,0.0,"T,,D,2400",0.0,",,D,2400",0.0,",,D,2400",69.0,"H,,S",76.0,",,D",64.0,",,D",,,,,,,,,,,,,,,,,,,,,,,,,,,,,,,,,,
,USW00013881,"CHARLOTTE DOUGLAS AIRPORT, NC US",35.2236,-80.9552,221.9,2020-11-11,9.84,",,W",,,0.38,",,D,2400",0.0,",,D,2400",0.0,",,D,2400",73.0,"H,,S",82.0,",,D",70.0,",,D",,,,,,,,,,,,,,,,,,,,,,,,,,,,,,,,,,
,USW00013881,"CHARLOTTE DOUGLAS AIRPORT, NC US",35.2236,-80.9552,221.9,2020-11-12,8.05,",,W",,,4.62,",,D,2400",0.0,",,D,2400",0.0,",,D,2400",73.0,"H,,S",73.0,",,D",64.0,",,D",,,,,,,,,,,,,,,,,,,,,,,,,,,,,,,,,,
,USW00013881,"CHARLOTTE DOUGLAS AIRPORT, NC US",35.2236,-80.9552,221.9,2020-11-13,,,,,0.0,"T,,D,2400",0.0,",,D,2400",0.0,",,D,2400",,,73.0,",,D",56.0,",,D",,,,,,,,,,,,,,,,,,,,,,,,,,,,,,,,,,
,USW00013881,"CHARLOTTE DOUGLAS AIRPORT, NC US",35.2236,-80.9552,221.9,2020-11-14,,,,,0.0,",,D,2400",0.0,",,D,2400",0.0,",,D,2400",,,66.0,",,D",48.0,",,D",,,,,,,,,,,,,,,,,,,,,,,,,,,,,,,,,,
,USW00013881,"CHARLOTTE DOUGLAS AIRPORT, NC US",35.2236,-80.9552,221.9,2020-11-15,,,,,0.0,",,D,2400",0.0,",,D,2400",0.0,",,D,2400",,,72.0,",,D",53.0,",,D",,,,,,,,,,,,,,,,,,,,,,,,,,,,,,,,,,
,USW00013881,"CHARLOTTE DOUGLAS AIRPORT, NC US",35.2236,-80.9552,221.9,2020-11-16,,,,,0.0,",,D,2400",0.0,",,D,2400",0.0,",,D,2400",,,65.0,",,D",37.0,",,D",,,,,,,,,,,,,,,,,,,,,,,,,,,,,,,,,,
,USW00013881,"CHARLOTTE DOUGLAS AIRPORT, NC US",35.2236,-80.9552,221.9,2020-11-17,,,,,0.0,",,D,2400",0.0,",,D,2400",0.0,",,D,2400",,,64.0,",,D",35.0,",,D",,,,,,,,,,,,,,,,,,,,,,,,,,,,,,,,,,
,USW00013881,"CHARLOTTE DOUGLAS AIRPORT, NC US",35.2236,-80.9552,221.9,2020-11-18,5.59,",,W",,,0.0,",,D,2400",0.0,",,D,2400",0.0,",,D,2400",45.0,"H,,S",55.0,",,D",28.0,",,D",,,,,,,,,,,,,,,,,,,,,,,,,,,,,,,,,,
,USW00013881,"CHARLOTTE DOUGLAS AIRPORT, NC US",35.2236,-80.9552,221.9,2020-11-19,,,,,0.0,",,D,2400",0.0,",,D,2400",0.0,",,D,2400",44.0,"H,,S",58.0,",,D",30.0,",,D",,,,,,,,,,,,,,,,,,,,,,,,,,,,,,,,,,
,USW00013881,"CHARLOTTE DOUGLAS AIRPORT, NC US",35.2236,-80.9552,221.9,2020-11-20,,,,,0.0,",,D,2400",0.0,",,D,2400",0.0,",,D,2400",50.0,"H,,S",70.0,",,D",32.0,",,D",,,,,,,,,,,,,,,,,,,,,,,,,,,,,,,,,,
,USW00013881,"CHARLOTTE DOUGLAS AIRPORT, NC US",35.2236,-80.9552,221.9,2020-11-21,,,,,0.0,",,D,2400",0.0,",,D,2400",0.0,",,D,2400",56.0,"H,,S",73.0,",,D",41.0,",,D",,,,,,,,,,,,,,,,,,,,,,,,,,,,,,,,,,
,USW00013881,"CHARLOTTE DOUGLAS AIRPORT, NC US",35.2236,-80.9552,221.9,2020-11-22,,,,,0.0,",,D,2400",0.0,",,D,2400",0.0,",,D,2400",54.0,"H,,S",67.0,",,D",39.0,",,D",,,,,,,,,,,,,,,,,,,,,,,,,,,,,,,,,,
